word,counter1,counter2,counter3
morti,127,129,122
virus,124,126,119
casa,112,114,107
della,102,104,97
aprile,90,92,85
anni,85,87,80
coronavirus,80,82,75
medici,74,76,69
mascherine,74,76,69
euro,68,70,63
casi,65,67,60
governo,63,65,58
quarantena,63,65,58
emergenza,59,61,54
test,58,60,53
ospedale,58,60,53
alle,53,55,48
contagi,50,52,45
giorni,49,51,44
milioni,47,49,42
nuovi,46,48,41
fase,46,48,41
diretta,44,46,39
positivi,44,46,39
vittime,43,45,38
grande,43,45,38
decreto,42,44,37
nelle,42,44,37
dati,41,43,36
rischio,40,42,35
video,39,41,34
maggio,38,40,33
soldi,38,40,33
mondo,38,40,33
lavoro,37,39,32
migranti,37,39,32
anziani,36,38,31
nuovo,35,37,30
tv,35,37,30
accordo,35,37,30
isolamento,35,37,30
’,35,37,30
spesa,35,37,30
sindaco,34,36,29
tempo,33,35,28
persone,33,35,28
italiani,32,34,27
giorno,32,34,27
miliardi,31,33,26
fine,31,33,26
primo,31,33,26
contagio,30,32,25
imprese,30,32,25
misure,30,32,25
calcio,29,31,24
regole,29,31,24
prima,29,31,24
dal,28,30,23
ore,28,30,23
stato,28,30,23
marzo,28,30,23
foto,27,29,22
distanza,27,29,22
infermieri,26,28,21
alla,26,28,21
mascherina,26,28,21
liquidità,26,28,21
vaccino,25,27,20
crisi,25,27,20
aiuti,25,27,20
aziende,25,27,20
paesi,25,27,20
solidarietà,25,27,20
epidemia,25,27,20
storia,24,26,19
speranza,24,26,19
notizie,24,26,19
regioni,24,26,19
numero,24,26,19
studio,24,26,19
sito,24,26,19
vita,23,25,18
ultime,23,25,18
auto,22,24,17
allarme,22,24,17
ex,22,24,17
figli,22,24,17
paura,22,24,17
scuole,22,24,17
guerra,22,24,17
nuova,22,24,17
caso,22,24,17
anti,21,23,16
sulle,21,23,16
settimane,21,23,16
settimana,21,23,16
serie,20,22,15
decessi,20,22,15
sulla,20,22,15
online,20,22,15
fratello,20,22,15
famiglia,20,22,15
intensiva,20,22,15
volta,20,22,15
rossa,20,22,15
record,19,21,14
chiuse,19,21,14
social,19,21,14
dalla,19,21,14
negozi,19,21,14
pazienti,19,21,14
via,19,21,14
bambini,19,21,14
figlio,19,21,14
italiano,19,21,14
stop,19,21,14
uomo,18,20,13
polizia,18,20,13
dalle,18,20,13
controlli,18,20,13
mesi,18,20,13
terapia,18,20,13
appello,18,20,13
petrolio,18,20,13
tamponi,18,20,13
strada,18,20,13
',18,20,13
piano,18,20,13
aiuto,18,20,13
al,17,19,12
città,17,19,12
tempi,17,19,12
conte,17,19,12
regione,17,19,12
cittadini,17,19,12
cosa,17,19,12
ipotesi,17,19,12
messaggio,17,19,12
zona,17,19,12
malati,17,19,12
amici,17,19,12
mare,16,18,11
paese,16,18,11
comune,16,18,11
app,16,18,11
sicurezza,16,18,11
ora,16,18,11
gente,16,18,11
premier,16,18,11
padre,16,18,11
ultimi,15,17,10
diritto,15,17,10
protezione,15,17,10
cassa,15,17,10
integrazione,15,17,10
medico,15,17,10
anno,15,17,10
contagiati,15,17,10
ultima,15,17,10
presidente,15,17,10
piazza,15,17,10
lavoratori,15,17,10
gualtieri,15,17,10
fondo,15,17,10
civile,15,17,10
attacco,14,16,9
figlia,14,16,9
nuove,14,16,9
taglio,14,16,9
case,14,16,9
campo,14,16,9
parte,14,16,9
stipendi,14,16,9
ministro,14,16,9
prestiti,14,16,9
choc,13,15,8
discorso,13,15,8
librerie,13,15,8
fondi,13,15,8
carabinieri,13,15,8
vittima,13,15,8
paziente,13,15,8
sintomi,13,15,8
punto,13,15,8
ospedali,13,15,8
domenica,13,15,8
calo,13,15,8
scuola,13,15,8
economia,13,15,8
grazie,13,15,8
altri,13,15,8
morte,13,15,8
inizio,13,15,8
sindaci,13,15,8
positivo,13,15,8
tasse,12,14,7
polemiche,12,14,7
nella,12,14,7
immunità,12,14,7
sanità,12,14,7
agli,12,14,7
pronto,12,14,7
infermiera,12,14,7
posti,12,14,7
blocco,12,14,7
cuore,12,14,7
musica,12,14,7
scontro,12,14,7
animali,12,14,7
ministero,12,14,7
dramma,12,14,7
cura,12,14,7
comuni,12,14,7
anticorpi,12,14,7
errori,12,14,7
picco,12,14,7
ripresa,12,14,7
mamma,12,14,7
banche,12,14,7
sierologici,11,13,6
bonus,11,13,6
residenze,11,13,6
volte,11,13,6
professionisti,11,13,6
bisogno,11,13,6
fan,11,13,6
dipendenti,11,13,6
sanitario,11,13,6
settembre,11,13,6
numeri,11,13,6
metà,11,13,6
milione,11,13,6
carcere,11,13,6
sfida,11,13,6
pronta,11,13,6
pandemia,11,13,6
aria,11,13,6
uso,11,13,6
didattica,11,13,6
tedeschi,11,13,6
ordinanza,11,13,6
polemica,10,12,5
mese,10,12,5
autonomi,10,12,5
verità,10,12,5
terapie,10,12,5
bollettino,10,12,5
news,10,12,5
cose,10,12,5
attività,10,12,5
immagini,10,12,5
madre,10,12,5
bimbi,10,12,5
reddito,10,12,5
ponte,10,12,5
possibile,10,12,5
ritardo,10,12,5
sole,10,12,5
base,10,12,5
buoni,10,12,5
negli,10,12,5
streaming,10,12,5
caos,10,12,5
difficile,10,12,5
parole,10,12,5
all,10,12,5
provincia,10,12,5
strade,10,12,5
altre,10,12,5
stampa,10,12,5
futuro,10,12,5
aumento,9,11,4
riposo,9,11,4
storie,9,11,4
giro,9,11,4
spostamenti,9,11,4
nel,9,11,4
annuncio,9,11,4
sistema,9,11,4
metri,9,11,4
guardia,9,11,4
malattia,9,11,4
curva,9,11,4
modello,9,11,4
lettera,9,11,4
post,9,11,4
poteri,9,11,4
guida,9,11,4
arrivo,9,11,4
soccorso,9,11,4
giovane,9,11,4
produzione,9,11,4
croce,9,11,4
farmaci,9,11,4
giornalista,9,11,4
donne,9,11,4
pace,9,11,4
ordine,9,11,4
riaperture,9,11,4
primi,9,11,4
esperti,9,11,4
salute,9,11,4
condizioni,9,11,4
eurobond,9,11,4
debito,9,11,4
errore,9,11,4
crollo,9,11,4
papà,9,11,4
tilt,9,11,4
tagli,9,11,4
giugno,9,11,4
garanzie,9,11,4
denuncia,9,11,4
linea,9,11,4
servizio,9,11,4
amore,8,10,3
web,8,10,3
crescita,8,10,3
basso,8,10,3
intensive,8,10,3
mano,8,10,3
solitudine,8,10,3
balconi,8,10,3
domicilio,8,10,3
fiducia,8,10,3
regola,8,10,3
intesa,8,10,3
migliaia,8,10,3
dollari,8,10,3
operatori,8,10,3
virtuale,8,10,3
code,8,10,3
modo,8,10,3
centro,8,10,3
tedesco,8,10,3
moglie,8,10,3
sindacati,8,10,3
salva,8,10,3
moda,8,10,3
soli,8,10,3
media,8,10,3
genitori,8,10,3
legge,8,10,3
nipote,8,10,3
volontari,8,10,3
multe,8,10,3
infermiere,8,10,3
farmaco,8,10,3
domande,8,10,3
intervista,8,10,3
consigli,8,10,3
boom,8,10,3
unica,8,10,3
ministri,8,10,3
altro,8,10,3
porti,8,10,3
stabile,8,10,3
marito,8,10,3
estate,7,9,2
replica,7,9,2
gara,7,9,2
centri,7,9,2
conto,7,9,2
agenti,7,9,2
lunedì,7,9,2
italiana,7,9,2
fake,7,9,2
soluzioni,7,9,2
difficoltà,7,9,2
donna,7,9,2
febbre,7,9,2
dello,7,9,2
cultura,7,9,2
riapertura,7,9,2
pronti,7,9,2
eroi,7,9,2
libera,7,9,2
viaggio,7,9,2
cibo,7,9,2
principe,7,9,2
gesto,7,9,2
stessi,7,9,2
prova,7,9,2
capo,7,9,2
migliori,7,9,2
deserta,7,9,2
governatori,7,9,2
film,7,9,2
bar,7,9,2
ufficiali,7,9,2
cure,7,9,2
intervento,7,9,2
rapidi,7,9,2
obbligo,7,9,2
servizi,7,9,2
battaglia,7,9,2
mercati,7,9,2
massa,7,9,2
pubblico,7,9,2
esame,7,9,2
finale,7,9,2
dell,7,9,2
virologo,7,9,2
lezioni,7,9,2
ricoveri,7,9,2
sanitari,7,9,2
simbolo,7,9,2
lezione,7,9,2
priorità,7,9,2
punti,7,9,2
sola,7,9,2
follia,7,9,2
società,7,9,2
maturità,7,9,2
corsa,7,9,2
onda,7,9,2
matrimonio,7,9,2
ricerca,7,9,2
testa,7,9,2
dolore,7,9,2
venerdì,7,9,2
furbetti,6,8,1
patente,6,8,1
gori,6,8,1
progetto,6,8,1
momento,6,8,1
assessore,6,8,1
idea,6,8,1
restrizioni,6,8,1
colpa,6,8,1
tracciamento,6,8,1
pubblica,6,8,1
spiaggia,6,8,1
universale,6,8,1
gioco,6,8,1
famiglie,6,8,1
attacchi,6,8,1
fuga,6,8,1
strage,6,8,1
minuti,6,8,1
elicottero,6,8,1
comitato,6,8,1
guarita,6,8,1
bilancio,6,8,1
positiva,6,8,1
solo,6,8,1
stipendio,6,8,1
mezzo,6,8,1
grandi,6,8,1
conti,6,8,1
accesso,6,8,1
fila,6,8,1
divieti,6,8,1
scudetto,6,8,1
alta,6,8,1
sogno,6,8,1
posto,6,8,1
personale,6,8,1
periodo,6,8,1
libero,6,8,1
chiusi,6,8,1
ristoranti,6,8,1
prezzo,6,8,1
occhiali,6,8,1
force,6,8,1
ritorno,6,8,1
prossima,6,8,1
laboratorio,6,8,1
rianimazione,6,8,1
agente,6,8,1
patrimoniale,6,8,1
tavolo,6,8,1
proposta,6,8,1
programma,6,8,1
comunità,6,8,1
ministra,6,8,1
anziana,6,8,1
voce,6,8,1
mercato,6,8,1
tampone,6,8,1
effetto,6,8,1
smog,6,8,1
moneta,6,8,1
giovani,6,8,1
smartphone,6,8,1
risposta,6,8,1
direttore,6,8,1
novità,6,8,1
ammortizzatori,6,8,1
problemi,6,8,1
giornata,6,8,1
fretta,6,8,1
rischi,6,8,1
bomba,6,8,1
omicidio,6,8,1
allenamenti,6,8,1
olandese,6,8,1
carta,6,8,1
conferenza,6,8,1
europeo,6,8,1
accuse,6,8,1
ricostruzione,6,8,1
guanti,6,8,1
edilizia,5,7,0
coda,5,7,0
acqua,5,7,0
politica,5,7,0
istituto,5,7,0
calci,5,7,0
aggiornamenti,5,7,0
azienda,5,7,0
ospiti,5,7,0
boss,5,7,0
lutto,5,7,0
stranieri,5,7,0
re,5,7,0
colombe,5,7,0
felice,5,7,0
sperimentazione,5,7,0
magia,5,7,0
salvo,5,7,0
fedeli,5,7,0
utile,5,7,0
prof,5,7,0
lettere,5,7,0
industria,5,7,0
peggio,5,7,0
omaggio,5,7,0
chiusura,5,7,0
ripartenza,5,7,0
bufera,5,7,0
veglia,5,7,0
prezzi,5,7,0
prime,5,7,0
luce,5,7,0
forza,5,7,0
asintomatici,5,7,0
concerto,5,7,0
corsia,5,7,0
cane,5,7,0
guariti,5,7,0
viminale,5,7,0
immunologo,5,7,0
sui,5,7,0
luglio,5,7,0
carne,5,7,0
disabili,5,7,0
esempio,5,7,0
altra,5,7,0
vigili,5,7,0
lotta,5,7,0
maxi,5,7,0
festa,5,7,0
gestione,5,7,0
donazioni,5,7,0
realtà,5,7,0
beffa,5,7,0
unico,5,7,0
passo,5,7,0
arte,5,7,0
sbagliate,5,7,0
silenzio,5,7,0
normalità,5,7,0
esercito,5,7,0
mobilità,5,7,0
cani,5,7,0
secondi,5,7,0
titoli,5,7,0
attesa,5,7,0
cerotto,5,7,0
storico,5,7,0
tragedia,5,7,0
coronabond,5,7,0
ombra,5,7,0
mafie,5,7,0
stretta,5,7,0
bluff,5,7,0
ragazzi,5,7,0
valore,5,7,0
nazionale,5,7,0
voti,5,7,0
tecnico,5,7,0
ricoverati,5,7,0
calciatori,5,7,0
lite,5,7,0
disoccupazione,5,7,0
ira,5,7,0
pugni,5,7,0
ricetta,5,7,0
violenza,5,7,0
piccoli,5,7,0
focolaio,5,7,0
parenti,5,7,0
risultati,5,7,0
terremoto,5,7,0
tweet,5,7,0
strumenti,5,7,0
europei,5,7,0
poveri,5,7,0
manager,5,7,0
sussidi,5,7,0
anticipo,5,7,0
causa,5,7,0
secondo,5,7,0
aperto,5,7,0
sangue,5,7,0
puntata,5,7,0
borse,5,7,0
utenti,5,7,0
club,5,7,0
covid-19,5,7,0
regime,5,7,0
tosse,5,7,0
voto,5,7,0
europee,5,7,0
fiscale,5,7,0
cala,5,7,0
fidanzata,5,7,0
sorpresa,5,7,0
contributo,5,7,0
miliardo,5,7,0
notte,5,7,0
inchiesta,5,7,0
uscita,5,7,0
giocatori,5,7,0
militari,5,7,0
mattarella,5,7,0
cartolerie,5,7,0
fuoco,5,7,0
ultimo,5,7,0
consiglio,5,7,0
forti,5,7,0
turismo,4,6,-1
droni,4,6,-1
campionato,4,6,-1
fabbriche,4,6,-1
essenziali,4,6,-1
km,4,6,-1
scudo,4,6,-1
decisione,4,6,-1
divieto,4,6,-1
gentiloni,4,6,-1
soluzione,4,6,-1
data,4,6,-1
totale,4,6,-1
negativi,4,6,-1
situazione,4,6,-1
veloce,4,6,-1
controllo,4,6,-1
risposte,4,6,-1
concerti,4,6,-1
finestre,4,6,-1
unità,4,6,-1
contatti,4,6,-1
favore,4,6,-1
rom,4,6,-1
cavalli,4,6,-1
cancro,4,6,-1
politici,4,6,-1
sanzioni,4,6,-1
audio,4,6,-1
bordo,4,6,-1
tumore,4,6,-1
vacanza,4,6,-1
luoghi,4,6,-1
infetti,4,6,-1
discesa,4,6,-1
bimba,4,6,-1
esperimento,4,6,-1
reale,4,6,-1
università,4,6,-1
collaborazione,4,6,-1
tecnologia,4,6,-1
fragili,4,6,-1
oro,4,6,-1
disposizione,4,6,-1
indice,4,6,-1
globale,4,6,-1
anticiclone,4,6,-1
grave,4,6,-1
industriali,4,6,-1
asta,4,6,-1
chiesa,4,6,-1
seconde,4,6,-1
prove,4,6,-1
container,4,6,-1
bella,4,6,-1
cautela,4,6,-1
evento,4,6,-1
diritti,4,6,-1
acquisti,4,6,-1
rete,4,6,-1
uova,4,6,-1
nonni,4,6,-1
bimbo,4,6,-1
naufragio,4,6,-1
squadra,4,6,-1
sparso,4,6,-1
chiusa,4,6,-1
auguri,4,6,-1
chiusure,4,6,-1
fumo,4,6,-1
lunga,4,6,-1
gol,4,6,-1
piccola,4,6,-1
giallo,4,6,-1
inutile,4,6,-1
preti,4,6,-1
lenti,4,6,-1
riunione,4,6,-1
previsioni,4,6,-1
dubbi,4,6,-1
segreti,4,6,-1
tablet,4,6,-1
pezzo,4,6,-1
zampe,4,6,-1
traffico,4,6,-1
beni,4,6,-1
fondamentale,4,6,-1
occhi,4,6,-1
mossa,4,6,-1
sport,4,6,-1
tifosi,4,6,-1
messaggi,4,6,-1
ladri,4,6,-1
distanze,4,6,-1
possibili,4,6,-1
accertamenti,4,6,-1
dibattito,4,6,-1
pressing,4,6,-1
tappeto,4,6,-1
carceri,4,6,-1
americani,4,6,-1
viaggi,4,6,-1
falsi,4,6,-1
piccole,4,6,-1
irresponsabile,4,6,-1
carabiniere,4,6,-1
scienziati,4,6,-1
quotidiano,4,6,-1
tregua,4,6,-1
trincea,4,6,-1
fatica,4,6,-1
coraggio,4,6,-1
penale,4,6,-1
bello,4,6,-1
nero,4,6,-1
straordinario,4,6,-1
pieni,4,6,-1
sostegno,4,6,-1
utili,4,6,-1
bandiera,4,6,-1
anziano,4,6,-1
migliore,4,6,-1
matteo,4,6,-1
sconto,4,6,-1
impossibile,4,6,-1
memoria,4,6,-1
polmoni,4,6,-1
sugli,4,6,-1
senato,4,6,-1
virale,4,6,-1
movimenti,4,6,-1
nell,4,6,-1
revisione,4,6,-1
uomini,4,6,-1
svizzera,4,6,-1
progetti,4,6,-1
ondata,4,6,-1
racconto,4,6,-1
norme,4,6,-1
piena,4,6,-1
supermercato,4,6,-1
fiscali,4,6,-1
indagine,4,6,-1
ai,4,6,-1
domiciliari,4,6,-1
classe,4,6,-1
edizione,4,6,-1
sfogo,4,6,-1
caro,4,6,-1
clienti,4,6,-1
pollici,4,6,-1
limiti,4,6,-1
terzo,4,6,-1
europea,4,6,-1
corso,4,6,-1
molecola,4,6,-1
lusso,4,6,-1
petizione,4,6,-1
graduale,4,6,-1
offerta,4,6,-1
seconda,4,6,-1
affitto,4,6,-1
terza,4,6,-1
fronda,4,6,-1
nudo,4,6,-1
richieste,4,6,-1
perfetto,4,6,-1
caccia,4,6,-1
economica,4,6,-1
zone,4,6,-1
leader,4,6,-1
circolare,4,6,-1
passeggiate,4,6,-1
ironia,4,6,-1
pensioni,4,6,-1
dividendi,4,6,-1
sinistra,4,6,-1
viva,4,6,-1
studi,4,6,-1
restrittive,4,6,-1
burocrazia,4,6,-1
contratto,4,6,-1
apertura,4,6,-1
immigrati,4,6,-1
distanziamento,4,6,-1
economico,4,6,-1
strumento,4,6,-1
plastica,4,6,-1
ospite,4,6,-1
squadre,4,6,-1
rialzo,4,6,-1
aperte,4,6,-1
tutorial,4,6,-1
alti,4,6,-1
piedi,4,6,-1
droga,4,6,-1
balcone,4,6,-1
sabato,4,6,-1
mortalità,4,6,-1
tasso,4,6,-1
ricovero,4,6,-1
mafia,4,6,-1
terra,4,6,-1
fallimento,4,6,-1
repubblica,4,6,-1
raccolta,4,6,-1
galli,4,6,-1
buco,4,6,-1
corpo,4,6,-1
campi,4,6,-1
edicola,4,6,-1
nembro,4,6,-1
ostili,4,6,-1
obbligatorie,4,6,-1
blu,3,5,-2
folla,3,5,-2
decine,3,5,-2
agosto,3,5,-2
sospensione,3,5,-2
corrente,3,5,-2
trend,3,5,-2
multa,3,5,-2
devastante,3,5,-2
governatore,3,5,-2
capelli,3,5,-2
esperto,3,5,-2
potere,3,5,-2
pasta,3,5,-2
consumi,3,5,-2
pensione,3,5,-2
hotel,3,5,-2
turisti,3,5,-2
attore,3,5,-2
vicini,3,5,-2
metodo,3,5,-2
poliziotti,3,5,-2
limite,3,5,-2
atto,3,5,-2
artigianali,3,5,-2
tenebre,3,5,-2
coi,3,5,-2
popolo,3,5,-2
incinta,3,5,-2
esami,3,5,-2
viceministro,3,5,-2
maggioranza,3,5,-2
sondaggio,3,5,-2
voglia,3,5,-2
buio,3,5,-2
temporali,3,5,-2
bandiere,3,5,-2
eventi,3,5,-2
rabbia,3,5,-2
forma,3,5,-2
silenziosa,3,5,-2
preghiera,3,5,-2
arma,3,5,-2
senzatetto,3,5,-2
partito,3,5,-2
cantieri,3,5,-2
scientifico,3,5,-2
navi,3,5,-2
olfatto,3,5,-2
lavoratore,3,5,-2
weekend,3,5,-2
vacanze,3,5,-2
compagna,3,5,-2
selvatici,3,5,-2
povertà,3,5,-2
gruppo,3,5,-2
volo,3,5,-2
vuoti,3,5,-2
umanità,3,5,-2
pericolo,3,5,-2
libertà,3,5,-2
pm,3,5,-2
sportivo,3,5,-2
dottor,3,5,-2
volti,3,5,-2
autostrada,3,5,-2
grido,3,5,-2
concreta,3,5,-2
perdite,3,5,-2
autonomia,3,5,-2
occasione,3,5,-2
dirigenti,3,5,-2
pezzi,3,5,-2
prefetti,3,5,-2
virologa,3,5,-2
pasquale,3,5,-2
stime,3,5,-2
turni,3,5,-2
muro,3,5,-2
faccia,3,5,-2
cielo,3,5,-2
australiana,3,5,-2
pranzo,3,5,-2
privati,3,5,-2
chiese,3,5,-2
poesia,3,5,-2
amico,3,5,-2
scrittore,3,5,-2
ricordo,3,5,-2
deserte,3,5,-2
isola,3,5,-2
prefetto,3,5,-2
personal,3,5,-2
effetti,3,5,-2
bond,3,5,-2
francese,3,5,-2
linee,3,5,-2
credito,3,5,-2
consegne,3,5,-2
ambulanza,3,5,-2
domestici,3,5,-2
diffusione,3,5,-2
vivo,3,5,-2
collaterali,3,5,-2
rifiuti,3,5,-2
regia,3,5,-2
familiari,3,5,-2
estero,3,5,-2
rapporto,3,5,-2
avvocato,3,5,-2
selezione,3,5,-2
nome,3,5,-2
cantante,3,5,-2
pagelle,3,5,-2
politico,3,5,-2
roba,3,5,-2
fatti,3,5,-2
precedenti,3,5,-2
vento,3,5,-2
mediche,3,5,-2
pg,3,5,-2
colleghi,3,5,-2
stabili,3,5,-2
aerei,3,5,-2
italiane,3,5,-2
visita,3,5,-2
mamme,3,5,-2
sax,3,5,-2
assembramenti,3,5,-2
detenuti,3,5,-2
russo,3,5,-2
follower,3,5,-2
trasmissione,3,5,-2
coro,3,5,-2
fronte,3,5,-2
contributi,3,5,-2
violazione,3,5,-2
speciali,3,5,-2
domestica,3,5,-2
lavori,3,5,-2
cittadinanza,3,5,-2
mani,3,5,-2
spettatori,3,5,-2
dottore,3,5,-2
timori,3,5,-2
pratica,3,5,-2
sera,3,5,-2
plasma,3,5,-2
meteo,3,5,-2
caldo,3,5,-2
inglesi,3,5,-2
mistero,3,5,-2
vuota,3,5,-2
istituzioni,3,5,-2
rally,3,5,-2
intera,3,5,-2
scossa,3,5,-2
complottisti,3,5,-2
mondiale,3,5,-2
alto,3,5,-2
macchina,3,5,-2
tassi,3,5,-2
uscite,3,5,-2
aperti,3,5,-2
volontaria,3,5,-2
lega,3,5,-2
lombardi,3,5,-2
alimentare,3,5,-2
interno,3,5,-2
briciole,3,5,-2
ambiente,3,5,-2
deroghe,3,5,-2
corpi,3,5,-2
cadaveri,3,5,-2
trimestre,3,5,-2
giustizia,3,5,-2
ottobre,3,5,-2
sanitaria,3,5,-2
epidemie,3,5,-2
bagno,3,5,-2
sul,3,5,-2
innovazione,3,5,-2
frase,3,5,-2
sbotta,3,5,-2
clima,3,5,-2
ii,3,5,-2
papa,3,5,-2
indiscrezione,3,5,-2
sull,3,5,-2
stagione,3,5,-2
armi,3,5,-2
buon,3,5,-2
letterario,3,5,-2
colloquio,3,5,-2
rosse,3,5,-2
terribile,3,5,-2
ufficio,3,5,-2
udienze,3,5,-2
fascia,3,5,-2
raddoppiati,3,5,-2
forte,3,5,-2
party,3,5,-2
privacy,3,5,-2
time,3,5,-2
infezione,3,5,-2
libro,3,5,-2
enorme,3,5,-2
opposizioni,3,5,-2
incertezza,3,5,-2
porte,3,5,-2
importante,3,5,-2
jogging,3,5,-2
colpo,3,5,-2
emissioni,3,5,-2
forme,3,5,-2
popolazione,3,5,-2
sacrifici,3,5,-2
autore,3,5,-2
proteggersi,3,5,-2
dio,3,5,-2
stessa,3,5,-2
serata,3,5,-2
nera,3,5,-2
stagionali,3,5,-2
ventilatori,3,5,-2
genitore,3,5,-2
rapine,3,5,-2
pagamento,3,5,-2
sbarchi,3,5,-2
tutela,3,5,-2
suicidio,3,5,-2
esclamativo,3,5,-2
col,3,5,-2
caratteristiche,3,5,-2
perdita,3,5,-2
decisiva,3,5,-2
amante,3,5,-2
vite,3,5,-2
introvabili,3,5,-2
maglie,3,5,-2
letti,3,5,-2
inglese,3,5,-2
medie,3,5,-2
travaglio,3,5,-2
quadro,3,5,-2
veri,3,5,-2
commissione,3,5,-2
tricolore,3,5,-2
falsità,3,5,-2
scelta,3,5,-2
set,3,5,-2
ansia,3,5,-2
porto,3,5,-2
debiti,3,5,-2
strategiche,3,5,-2
fame,3,5,-2
centrodestra,3,5,-2
trattativa,3,5,-2
tifo,3,5,-2
richiesta,3,5,-2
fantasma,3,5,-2
accoglienza,3,5,-2
figlie,3,5,-2
show,3,5,-2
telefona,3,5,-2
colposa,3,5,-2
identità,3,5,-2
elettronica,3,5,-2
vergogna,3,5,-2
bare,3,5,-2
mezzi,3,5,-2
altezza,3,5,-2
processo,3,5,-2
quarta,3,5,-2
stretto,3,5,-2
pubblici,3,5,-2
gatto,3,5,-2
letalità,3,5,-2
corto,3,5,-2
sesso,3,5,-2
centeno,3,5,-2
sociale,3,5,-2
danza,3,5,-2
giovedì,3,5,-2
supporto,3,5,-2
clorochina,3,5,-2
spese,3,5,-2
fallo,3,5,-2
ritardi,3,5,-2
collega,3,5,-2
turbativa,3,5,-2
arresto,3,5,-2
premio,3,5,-2
velocità,3,5,-2
finanziamenti,3,5,-2
rallentamento,3,5,-2
aula,3,5,-2
VERO,3,5,-2
limoni,3,5,-2
spread,3,5,-2
struttura,3,5,-2
generazione,3,5,-2
sicuri,3,5,-2
incremento,3,5,-2
gennaio,3,5,-2
sileri,3,5,-2
pagamenti,3,5,-2
ecatombe,3,5,-2
disorientante,3,5,-2
sciarpe,3,5,-2
vista,2,4,-3
bollino,2,4,-3
fidanzato,2,4,-3
politiche,2,4,-3
romanista,2,4,-3
danni,2,4,-3
elettrica,2,4,-3
gas,2,4,-3
superiore,2,4,-3
notifica,2,4,-3
mortale,2,4,-3
influenza,2,4,-3
norma,2,4,-3
pena,2,4,-3
pusher,2,4,-3
sprint,2,4,-3
reti,2,4,-3
ossessione,2,4,-3
indispensabile,2,4,-3
lombardo,2,4,-3
comando,2,4,-3
mafioso,2,4,-3
sofferenza,2,4,-3
mappa,2,4,-3
erogazione,2,4,-3
infettivologo,2,4,-3
alternative,2,4,-3
passi,2,4,-3
jet,2,4,-3
sportiva,2,4,-3
comportamento,2,4,-3
indicazioni,2,4,-3
associazioni,2,4,-3
alimentari,2,4,-3
folle,2,4,-3
preoccupato,2,4,-3
'',2,4,-3
partenze,2,4,-3
barcone,2,4,-3
telefonate,2,4,-3
malata,2,4,-3
scoperti,2,4,-3
centinaia,2,4,-3
segni,2,4,-3
protesta,2,4,-3
fontana,2,4,-3
professor,2,4,-3
duro,2,4,-3
messa,2,4,-3
pallanuoto,2,4,-3
ferme,2,4,-3
valutazione,2,4,-3
efficacia,2,4,-3
dubbio,2,4,-3
studenti,2,4,-3
alberto,2,4,-3
produttori,2,4,-3
estrazioni,2,4,-3
operatore,2,4,-3
grandinate,2,4,-3
salvi,2,4,-3
visite,2,4,-3
tetti,2,4,-3
sede,2,4,-3
iniziative,2,4,-3
strategie,2,4,-3
fermo,2,4,-3
rosso,2,4,-3
voci,2,4,-3
russa,2,4,-3
divisa,2,4,-3
pasticcere,2,4,-3
drone,2,4,-3
dato,2,4,-3
consecutivo,2,4,-3
temporale,2,4,-3
precari,2,4,-3
arterie,2,4,-3
isolati,2,4,-3
dimesso,2,4,-3
poesie,2,4,-3
strategia,2,4,-3
lecce,2,4,-3
«,2,4,-3
egoismi,2,4,-3
sbarco,2,4,-3
furioso,2,4,-3
giardino,2,4,-3
alcol,2,4,-3
severe,2,4,-3
vuoto,2,4,-3
abiti,2,4,-3
rigorosi,2,4,-3
stanco,2,4,-3
epocale,2,4,-3
bambino,2,4,-3
chilometri,2,4,-3
giunta,2,4,-3
legale,2,4,-3
miracolo,2,4,-3
collo,2,4,-3
campione,2,4,-3
problema,2,4,-3
agnello,2,4,-3
nozze,2,4,-3
bellezza,2,4,-3
orgoglioso,2,4,-3
calamità,2,4,-3
dem,2,4,-3
fondazioni,2,4,-3
nascosto,2,4,-3
no,2,4,-3
aperture,2,4,-3
quadri,2,4,-3
cliente,2,4,-3
tech,2,4,-3
fermarci,2,4,-3
movimento,2,4,-3
(,2,4,-3
intero,2,4,-3
speranze,2,4,-3
certezze,2,4,-3
concittadini,2,4,-3
furia,2,4,-3
sentimento,2,4,-3
consenso,2,4,-3
regionali,2,4,-3
redazione,2,4,-3
presentazione,2,4,-3
militare,2,4,-3
stesso,2,4,-3
soldati,2,4,-3
liberi,2,4,-3
menu,2,4,-3
appartamento,2,4,-3
iniziativa,2,4,-3
bufale,2,4,-3
polveri,2,4,-3
sottili,2,4,-3
pratiche,2,4,-3
tutelarli,2,4,-3
reali,2,4,-3
anima,2,4,-3
suocero,2,4,-3
assegno,2,4,-3
geniale,2,4,-3
poliziotto,2,4,-3
esemplare,2,4,-3
passeggio,2,4,-3
significato,2,4,-3
alibi,2,4,-3
risparmi,2,4,-3
informazione,2,4,-3
turno,2,4,-3
rimborso,2,4,-3
light,2,4,-3
margine,2,4,-3
pasti,2,4,-3
guardie,2,4,-3
imposte,2,4,-3
sorella,2,4,-3
tecnici,2,4,-3
addio,2,4,-3
lupetto,2,4,-3
maggiore,2,4,-3
patologie,2,4,-3
bambina,2,4,-3
guarigioni,2,4,-3
accusa,2,4,-3
focolai,2,4,-3
eroe,2,4,-3
gregge,2,4,-3
computer,2,4,-3
animalisti,2,4,-3
rifiuto,2,4,-3
criminalità,2,4,-3
cabina,2,4,-3
collasso,2,4,-3
blocchi,2,4,-3
completo,2,4,-3
tribunale,2,4,-3
decreti,2,4,-3
ingorgo,2,4,-3
generale,2,4,-3
commerciali,2,4,-3
ballerino,2,4,-3
finalisti,2,4,-3
commessa,2,4,-3
supermarket,2,4,-3
diario,2,4,-3
attenzione,2,4,-3
adolescenti,2,4,-3
aree,2,4,-3
netflix,2,4,-3
ricette,2,4,-3
sms,2,4,-3
evoluzione,2,4,-3
ferma,2,4,-3
appiattirsi,2,4,-3
efficace,2,4,-3
timelapse,2,4,-3
uccelli,2,4,-3
coppie,2,4,-3
jazz,2,4,-3
domiciliare,2,4,-3
compleanno,2,4,-3
deroga,2,4,-3
lista,2,4,-3
rivolta,2,4,-3
penitenziari,2,4,-3
pesta,2,4,-3
aggressione,2,4,-3
report,2,4,-3
macchinari,2,4,-3
spettacoli,2,4,-3
live,2,4,-3
scusa,2,4,-3
contrari,2,4,-3
internazionale,2,4,-3
fiori,2,4,-3
istruzioni,2,4,-3
pacchi,2,4,-3
spagnoli,2,4,-3
evidenze,2,4,-3
spiegazioni,2,4,-3
sony,2,4,-3
auricolari,2,4,-3
stati,2,4,-3
bianco,2,4,-3
scarpe,2,4,-3
italy,2,4,-3
ricercatori,2,4,-3
supermercati,2,4,-3
trucchi,2,4,-3
giudice,2,4,-3
imbarazzo,2,4,-3
disastro,2,4,-3
nonno,2,4,-3
piccioni,2,4,-3
aghi,2,4,-3
fratelli,2,4,-3
sudcoreano,2,4,-3
tsunami,2,4,-3
affetto,2,4,-3
impresa,2,4,-3
fredda,2,4,-3
tabù,2,4,-3
idioti,2,4,-3
primavera,2,4,-3
giochi,2,4,-3
museo,2,4,-3
scatola,2,4,-3
flop,2,4,-3
abitazioni,2,4,-3
studentessa,2,4,-3
urlo,2,4,-3
facile,2,4,-3
drammatiche,2,4,-3
immune,2,4,-3
lungo,2,4,-3
trasporti,2,4,-3
esistenza,2,4,-3
magnitudo,2,4,-3
scorta,2,4,-3
passato,2,4,-3
senatore,2,4,-3
protagonista,2,4,-3
volto,2,4,-3
ceneri,2,4,-3
trattato,2,4,-3
detenuto,2,4,-3
siciliano,2,4,-3
stanza,2,4,-3
triste,2,4,-3
moto,2,4,-3
profughi,2,4,-3
invidiosa,2,4,-3
parcheggio,2,4,-3
dura,2,4,-3
partigiano,2,4,-3
corte,2,4,-3
condanna,2,4,-3
obblighi,2,4,-3
bianca,2,4,-3
patronati,2,4,-3
catastrofe,2,4,-3
passeggeri,2,4,-3
sarte,2,4,-3
cimitero,2,4,-3
iscritti,2,4,-3
locali,2,4,-3
procedure,2,4,-3
crematorio,2,4,-3
attrice,2,4,-3
documento,2,4,-3
associazione,2,4,-3
vendite,2,4,-3
arbitro,2,4,-3
abusivo,2,4,-3
pietà,2,4,-3
riaperti,2,4,-3
intellettuali,2,4,-3
guerre,2,4,-3
tesoro,2,4,-3
responsabili,2,4,-3
istruzione,2,4,-3
compiti,2,4,-3
abbraccio,2,4,-3
dorata,2,4,-3
world,2,4,-3
confini,2,4,-3
incidente,2,4,-3
verdura,2,4,-3
critico,2,4,-3
digitale,2,4,-3
superiori,2,4,-3
gradi,2,4,-3
nevrosi,2,4,-3
materiale,2,4,-3
segreto,2,4,-3
rimbalzo,2,4,-3
responsabilità,2,4,-3
docenti,2,4,-3
candeggina,2,4,-3
obbligatorio,2,4,-3
indigenti,2,4,-3
fascicolo,2,4,-3
impegno,2,4,-3
fondazione,2,4,-3
dure,2,4,-3
sentirci,2,4,-3
operai,2,4,-3
umiltà,2,4,-3
momenti,2,4,-3
difficili,2,4,-3
urla,2,4,-3
hacker,2,4,-3
accessi,2,4,-3
rissa,2,4,-3
piacere,2,4,-3
sportivi,2,4,-3
persona,2,4,-3
sacrificio,2,4,-3
medicina,2,4,-3
rigore,2,4,-3
reazioni,2,4,-3
honor,2,4,-3
bocca,2,4,-3
motivi,2,4,-3
ciao,2,4,-3
rientro,2,4,-3
nonna,2,4,-3
settore,2,4,-3
appuntamento,2,4,-3
fisso,2,4,-3
freddo,2,4,-3
schede,2,4,-3
doping,2,4,-3
contaminazione,2,4,-3
ricorso,2,4,-3
goccioline,2,4,-3
palazzine,2,4,-3
vivi,2,4,-3
attrezzature,2,4,-3
difesa,2,4,-3
primario,2,4,-3
chiaro,2,4,-3
mancanza,2,4,-3
ragazze,2,4,-3
neutro,2,4,-3
attenti,2,4,-3
piccolo,2,4,-3
riduzione,2,4,-3
manuale,2,4,-3
favole,2,4,-3
figure,2,4,-3
sfondo,2,4,-3
dolorose,2,4,-3
depressione,2,4,-3
scomparsa,2,4,-3
ribasso,2,4,-3
allentamento,2,4,-3
pasto,2,4,-3
tasca,2,4,-3
crimi,2,4,-3
vendita,2,4,-3
ordini,2,4,-3
esigenze,2,4,-3
banca,2,4,-3
tridico,2,4,-3
click,2,4,-3
residenza,2,4,-3
pasticcio,2,4,-3
documentario,2,4,-3
commercianti,2,4,-3
segreta,2,4,-3
obiettivo,2,4,-3
shock,2,4,-3
sanitarie,2,4,-3
letale,2,4,-3
sierologico,2,4,-3
sensazionalismo,2,4,-3
chiara,2,4,-3
successo,2,4,-3
ciclismo,2,4,-3
ventilatore,2,4,-3
polmonare,2,4,-3
burioni,2,4,-3
contrario,2,4,-3
giornalismo,2,4,-3
carattere,2,4,-3
albergo,2,4,-3
rotta,2,4,-3
affitti,2,4,-3
marchio,2,4,-3
cifre,2,4,-3
venditori,2,4,-3
terremotati,2,4,-3
casette,2,4,-3
agricoli,2,4,-3
domanda,2,4,-3
cellulare,2,4,-3
partecipazione,2,4,-3
incubo,2,4,-3
cocaina,2,4,-3
minuto,2,4,-3
segno,2,4,-3
ossigeno,2,4,-3
tunnel,2,4,-3
calendario,2,4,-3
spaziale,2,4,-3
vauro,2,4,-3
rapido,2,4,-3
tuta,2,4,-3
contagiosi,2,4,-3
scaletta,2,4,-3
mezza,2,4,-3
don,2,4,-3
gusto,2,4,-3
spia,2,4,-3
giornali,2,4,-3
ottimista,2,4,-3
piloti,2,4,-3
dossier,2,4,-3
positive,2,4,-3
ca,2,4,-3
iannone,2,4,-3
farlo,2,4,-3
costi,2,4,-3
videochiamata,2,4,-3
lenta,2,4,-3
approvarlo,2,4,-3
pressioni,2,4,-3
semplice,2,4,-3
certezza,2,4,-3
ossa,2,4,-3
dallo,2,4,-3
discorsi,2,4,-3
dj,2,4,-3
m,2,4,-3
urne,2,4,-3
funebri,2,4,-3
sfilate,2,4,-3
rottura,2,4,-3
pieno,2,4,-3
ragione,2,4,-3
ristorante,2,4,-3
furiosi,2,4,-3
stress,2,4,-3
britannici,2,4,-3
epicentro,2,4,-3
discoteche,2,4,-3
necessari,2,4,-3
pile,2,4,-3
fedez,2,4,-3
frasi,2,4,-3
proposte,2,4,-3
slogan,2,4,-3
privata,2,4,-3
protezioni,2,4,-3
casse,2,4,-3
imprenditori,2,4,-3
procuratore,2,4,-3
portavoce,2,4,-3
temperature,2,4,-3
amaro,2,4,-3
vera,2,4,-3
pericoloso,2,4,-3
onore,2,4,-3
assistenza,2,4,-3
influencer,2,4,-3
chirurgia,2,4,-3
pasticcerie,2,4,-3
aperta,2,4,-3
credenti,2,4,-3
morale,2,4,-3
rimpianti,2,4,-3
cime,2,4,-3
critica,2,4,-3
sforzi,2,4,-3
senatrici,2,4,-3
nomi,2,4,-3
cognomi,2,4,-3
cult,2,4,-3
avessimo,2,4,-3
modifica,2,4,-3
grosso,2,4,-3
imperdonabili,2,4,-3
commovente,2,4,-3
gravi,2,4,-3
porta,2,4,-3
colposo,2,4,-3
sardine,2,4,-3
insulti,2,4,-3
gatti,2,4,-3
indennità,2,4,-3
esodo,2,4,-3
menzogne,2,4,-3
disinfettanti,2,4,-3
task,2,4,-3
motore,2,4,-3
segnalate,2,4,-3
abito,2,4,-3
pioppi,2,4,-3
mancata,2,4,-3
incontro,2,4,-3
leghista,2,4,-3
runner,2,4,-3
scandalo,2,4,-3
schiaffo,2,4,-3
procura,2,4,-3
prato,2,4,-3
prossime,2,4,-3
gel,2,4,-3
funzioni,2,4,-3
anestesista,2,4,-3
carico,2,4,-3
dieta,2,4,-3
presidenza,2,4,-3
orme,2,4,-3
superfici,2,4,-3
tartufesco,2,4,-3
palestre,2,4,-3
contagiato,2,4,-3
robot,2,4,-3
infinita,2,4,-3
finestra,2,4,-3
fossa,2,4,-3
vittoria,2,4,-3
sindone,2,4,-3
oggetti,2,4,-3
caffè,2,4,-3
neoliberismo,2,4,-3
blindata,2,4,-3
digitali,2,4,-3
poeta,2,4,-3
storiche,2,4,-3
monouso,2,4,-3
business,2,4,-3
procure,2,4,-3
rivelazione,2,4,-3
compromesso,2,4,-3
spegne,2,4,-3
piene,2,4,-3
santi,2,4,-3
livello,2,4,-3
vicino,2,4,-3
cinema,2,4,-3
ozono,2,4,-3
arresti,2,4,-3
denunce,2,4,-3
scaffale,2,4,-3
tedesca,2,4,-3
scia,2,4,-3
scena,2,4,-3
disumano,2,4,-3
sigaretta,2,4,-3
​,2,4,-3
vertice,2,4,-3
nidi,2,4,-3
messina,2,4,-3
vicina,2,4,-3
federazione,2,4,-3
cauzione,2,4,-3
opere,2,4,-3
contatto,2,4,-3
indimenticabili,2,4,-3
elezioni,2,4,-3
socialista,2,4,-3
finanza,2,4,-3
truffa,2,4,-3
pastiera,2,4,-3
telefono,2,4,-3
creazione,2,4,-3
vincitrice,2,4,-3
8,2,4,-3
chef,2,4,-3
investe,2,4,-3
farsi,2,4,-3
scorso,2,4,-3
furgone,2,4,-3
nord,2,4,-3
delibera,2,4,-3
mercoledì,2,4,-3
misura,2,4,-3
minacce,2,4,-3
risorsa,2,4,-3
breve,2,4,-3
sociali,2,4,-3
primarie,2,4,-3
belle,2,4,-3
sicuro,2,4,-3
beneficenza,2,4,-3
working,2,4,-3
asili,2,4,-3
tappe,2,4,-3
generazioni,2,4,-3
residenti,2,4,-3
concorrenti,2,4,-3
segretario,2,4,-3
scienza,2,4,-3
magica,2,4,-3
rimandato,2,4,-3
pugile,2,4,-3
nemici,2,4,-3
stile,2,4,-3
step,2,4,-3
arancione,2,4,-3
chiuso,2,4,-3
pacchetto,2,4,-3
normale,2,4,-3
garanzia,2,4,-3
bufala,2,4,-3
morto,2,4,-3
puerili,2,4,-3
diffamatori,2,4,-3
chiarezza,2,4,-3
parchi,2,4,-3
orso,2,4,-3
cardinale,2,4,-3
bilico,2,4,-3
potenza,2,4,-3
scalate,2,4,-3
rinvio,2,4,-3
gratuita,2,4,-3
20mila,2,4,-3
iena,2,4,-3
proibito,2,4,-3
fortuna,2,4,-3
ferie,2,4,-3
dicembre,2,4,-3
palestra,2,4,-3
signora,2,4,-3
palme,2,4,-3
golden,2,4,-3
ottimi,2,4,-3
ampio,2,4,-3
clausola,1,3,-4
ingresso,1,3,-4
orari,1,3,-4
idee,1,3,-4
prossimità,1,3,-4
treno,1,3,-4
monte,1,3,-4
diabete,1,3,-4
stangata,1,3,-4
governi,1,3,-4
trasgressori,1,3,-4
fuochi,1,3,-4
artificio,1,3,-4
velivolo,1,3,-4
policlinico,1,3,-4
genere,1,3,-4
conforto,1,3,-4
ambulanze,1,3,-4
pari,1,3,-4
forniture,1,3,-4
favorevole,1,3,-4
simula,1,3,-4
pugnalarsi,1,3,-4
forbici,1,3,-4
diurni,1,3,-4
rapida,1,3,-4
accredito,1,3,-4
morsi,1,3,-4
abusi,1,3,-4
sessuali,1,3,-4
collaboratrice,1,3,-4
​salvini,1,3,-4
parere,1,3,-4
bottiglie,1,3,-4
cantine,1,3,-4
lievito,1,3,-4
nomine,1,3,-4
licenziato,1,3,-4
critiche,1,3,-4
pietre,1,3,-4
calcoli,1,3,-4
thailandese,1,3,-4
irriconoscibile,1,3,-4
conquista,1,3,-4
roadster,1,3,-4
leggera,1,3,-4
43enne,1,3,-4
ucciso,1,3,-4
ossessivo,1,3,-4
vessatorio,1,3,-4
incredibili,1,3,-4
offensiva,1,3,-4
difese,1,3,-4
corteo,1,3,-4
radici,1,3,-4
scampia,1,3,-4
equo,1,3,-4
trasparente,1,3,-4
disegni,1,3,-4
motoria,1,3,-4
applicazione,1,3,-4
limpida,1,3,-4
aggressivo,1,3,-4
popoli,1,3,-4
-1853406.html,1,3,-4
multati,1,3,-4
pelle,1,3,-4
sana,1,3,-4
solare,1,3,-4
raggi,1,3,-4
nocivi,1,3,-4
grafia,1,3,-4
rovinarci,1,3,-4
medica,1,3,-4
prospettive,1,3,-4
netto,1,3,-4
ombrelloni,1,3,-4
consistente,1,3,-4
superdiffusori,1,3,-4
condizionatori,1,3,-4
climatizzatori,1,3,-4
elegante,1,3,-4
locale,1,3,-4
chiappa,1,3,-4
pantaloni,1,3,-4
verticale,1,3,-4
deriva,1,3,-4
protocolli,1,3,-4
adagio,1,3,-4
contact,1,3,-4
tracing,1,3,-4
presente,1,3,-4
controllabile,1,3,-4
cattiverie,1,3,-4
livella,1,3,-4
uguali,1,3,-4
analfabeti,1,3,-4
atenei,1,3,-4
continua,1,3,-4
consulte,1,3,-4
artificiosa,1,3,-4
sciatteria,1,3,-4
quarantene,1,3,-4
entroterra,1,3,-4
benvenuti,1,3,-4
gemelli,1,3,-4
limitati,1,3,-4
uffici,1,3,-4
firma,1,3,-4
trimestrali,1,3,-4
autogol,1,3,-4
quotazioni,1,3,-4
trump,1,3,-4
rigide,1,3,-4
toscani,1,3,-4
eclatanti,1,3,-4
spazi,1,3,-4
emozioni,1,3,-4
adulti,1,3,-4
disagio,1,3,-4
tenersi,1,3,-4
avanti,1,3,-4
parroco,1,3,-4
riciclo,1,3,-4
materie,1,3,-4
differenziata,1,3,-4
logistica,1,3,-4
spirituale,1,3,-4
deceduti,1,3,-4
riviera,1,3,-4
ligure,1,3,-4
tennis,1,3,-4
bavaresi,1,3,-4
concubine,1,3,-4
anticoagulanti,1,3,-4
irriducibile,1,3,-4
costiera,1,3,-4
ubriaca,1,3,-4
ampezzo,1,3,-4
assalto,1,3,-4
grigliata,1,3,-4
laser,1,3,-4
poltrona,1,3,-4
desolata,1,3,-4
deserto,1,3,-4
clinicamente,1,3,-4
avvocata,1,3,-4
apposite,1,3,-4
testimonianza,1,3,-4
sintomo,1,3,-4
importantissimo,1,3,-4
bellezze,1,3,-4
alternativa,1,3,-4
oasi,1,3,-4
natura,1,3,-4
°,1,3,-4
fattore,1,3,-4
269,1,3,-4
negativo,1,3,-4
salario,1,3,-4
dolci,1,3,-4
dimissione,1,3,-4
egoisti,1,3,-4
ascoltatori,1,3,-4
grado,1,3,-4
prenotate,1,3,-4
estive,1,3,-4
scivoloni,1,3,-4
confessione,1,3,-4
tè,1,3,-4
biscotti,1,3,-4
45enne,1,3,-4
pregiudicato,1,3,-4
stanca,1,3,-4
cesareo,1,3,-4
leggenda,1,3,-4
automobilismo,1,3,-4
zebra,1,3,-4
cucciolo,1,3,-4
particolare,1,3,-4
inaspettato,1,3,-4
45enni,1,3,-4
discontinuità,1,3,-4
vincenti,1,3,-4
ceste,1,3,-4
sospese,1,3,-4
dentro,1,3,-4
regali,1,3,-4
metta,1,3,-4
materia,1,3,-4
antimateria,1,3,-4
telelavoro,1,3,-4
afroamericani,1,3,-4
latini,1,3,-4
bianchi,1,3,-4
azzannato,1,3,-4
notai,1,3,-4
europa,1,3,-4
:,1,3,-4
non,1,3,-4
ribelle,1,3,-4
grigliate,1,3,-4
fughe,1,3,-4
lido,1,3,-4
militanti,1,3,-4
cognome,1,3,-4
rinunce,1,3,-4
attaccamento,1,3,-4
cieli,1,3,-4
aquila,1,3,-4
cruciverba,1,3,-4
imbecilli,1,3,-4
organizzano,1,3,-4
disabitato,1,3,-4
invasione,1,3,-4
retta,1,3,-4
complici,1,3,-4
infinito,1,3,-4
motivo,1,3,-4
pilota,1,3,-4
innovative,1,3,-4
salvati,1,3,-4
nave,1,3,-4
albertosi,1,3,-4
leggende,1,3,-4
chiederli,1,3,-4
testimoni,1,3,-4
file,1,3,-4
celebrazione,1,3,-4
penitenziale,1,3,-4
vulcano,1,3,-4
colonna,1,3,-4
spettacolari,1,3,-4
interessi,1,3,-4
legalità,1,3,-4
modifiche,1,3,-4
conversione,1,3,-4
tirata,1,3,-4
esperienza,1,3,-4
fenomeno,1,3,-4
brocco,1,3,-4
arco,1,3,-4
derby,1,3,-4
fumogeno,1,3,-4
capoluogo,1,3,-4
statua,1,3,-4
curo,1,3,-4
soffro,1,3,-4
costolette,1,3,-4
plin,1,3,-4
fave,1,3,-4
pecorino,1,3,-4
destinazioni,1,3,-4
casatiello,1,3,-4
napoletano,1,3,-4
avermi,1,3,-4
benedizione,1,3,-4
pausa,1,3,-4
here,1,3,-4
vacanzieri,1,3,-4
protagonisti,1,3,-4
rombo,1,3,-4
tuono,1,3,-4
confessioni,1,3,-4
comunioni,1,3,-4
ricoveriamoli,1,3,-4
sospiri,1,3,-4
propaganda,1,3,-4
pellicani,1,3,-4
pensatore,1,3,-4
eretico,1,3,-4
gite,1,3,-4
milionarie,1,3,-4
invisibili,1,3,-4
tutele,1,3,-4
stagioni,1,3,-4
psicosi,1,3,-4
triplo,1,3,-4
lutti,1,3,-4
angosciati,1,3,-4
custodi,1,3,-4
golf,1,3,-4
allenandomi,1,3,-4
istituti,1,3,-4
disperata,1,3,-4
telefonata,1,3,-4
matematico,1,3,-4
decisivo,1,3,-4
conforti,1,3,-4
americano,1,3,-4
necessario,1,3,-4
in,1,3,-4
amori,1,3,-4
azzurra,1,3,-4
frena,1,3,-4
buia,1,3,-4
portoghese,1,3,-4
onesti,1,3,-4
passione,1,3,-4
conversioni,1,3,-4
fulmini,1,3,-4
gravidanze,1,3,-4
segrete,1,3,-4
liturgia,1,3,-4
psichici,1,3,-4
crescente,1,3,-4
​gualtieri,1,3,-4
lucana,1,3,-4
raccolte,1,3,-4
istinti,1,3,-4
nazionalisti,1,3,-4
scoperta,1,3,-4
antiparassitario,1,3,-4
ricavi,1,3,-4
rosario,1,3,-4
sindaca,1,3,-4
affollata,1,3,-4
irresponsabili,1,3,-4
trombonisti,1,3,-4
database,1,3,-4
notiziario,1,3,-4
rubinetto,1,3,-4
smontate,1,3,-4
suini,1,3,-4
bovini,1,3,-4
agronomiche,1,3,-4
attente,1,3,-4
giravolte,1,3,-4
bugie,1,3,-4
tossicità,1,3,-4
fondamentalismo,1,3,-4
religioso,1,3,-4
indiano,1,3,-4
dettagli,1,3,-4
portale,1,3,-4
principessa,1,3,-4
educazione,1,3,-4
cifra,1,3,-4
apprezzato,1,3,-4
avversario,1,3,-4
banalità,1,3,-4
piemontese,1,3,-4
colpita,1,3,-4
52enne,1,3,-4
denunciata,1,3,-4
grossa,1,3,-4
paesaggio,1,3,-4
preciso,1,3,-4
immagine,1,3,-4
passanti,1,3,-4
coltello,1,3,-4
visibilità,1,3,-4
stadi,1,3,-4
acciaio,1,3,-4
mandatemi,1,3,-4
rapina,1,3,-4
sardina,1,3,-4
contenuti,1,3,-4
dirigenza,1,3,-4
arcuri,1,3,-4
videomessaggio,1,3,-4
deboli,1,3,-4
europeista,1,3,-4
laburisti,1,3,-4
loop,1,3,-4
manovra,1,3,-4
percezione,1,3,-4
maggiori,1,3,-4
trionfo,1,3,-4
categoria,1,3,-4
bipolare,1,3,-4
staffette,1,3,-4
abbandono,1,3,-4
randagismo,1,3,-4
prendiamola,1,3,-4
filosofia,1,3,-4
concorso,1,3,-4
spintone,1,3,-4
ingressi,1,3,-4
scenari,1,3,-4
ammalarsi,1,3,-4
ruolo,1,3,-4
angoscia,1,3,-4
trattarsi,1,3,-4
fisco,1,3,-4
maledizione,1,3,-4
mucchio,1,3,-4
buone,1,3,-4
prestito,1,3,-4
tripla,1,3,-4
coesione,1,3,-4
sampietrini,1,3,-4
erba,1,3,-4
tessuti,1,3,-4
inquinamento,1,3,-4
illimitati,1,3,-4
ue,1,3,-4
immobile,1,3,-4
alunno,1,3,-4
contrappeso,1,3,-4
temi,1,3,-4
ambientali,1,3,-4
escandescenze,1,3,-4
anacronistico,1,3,-4
sterline,1,3,-4
bancario,1,3,-4
manovalanza,1,3,-4
occulta,1,3,-4
umana,1,3,-4
infiltrazioni,1,3,-4
mafiose,1,3,-4
assicurazioni,1,3,-4
stradali,1,3,-4
l'82,1,3,-4
difetto,1,3,-4
comunicazione,1,3,-4
incerta,1,3,-4
viverlo,1,3,-4
elevato,1,3,-4
accorpamento,1,3,-4
assemblea,1,3,-4
maschera,1,3,-4
rimpasto,1,3,-4
sciacallaggio,1,3,-4
sindrome,1,3,-4
bancarelle,1,3,-4
postina,1,3,-4
suono,1,3,-4
assicurazione,1,3,-4
ucraini,1,3,-4
condivisa,1,3,-4
english,1,3,-4
version,1,3,-4
graduali,1,3,-4
scontri,1,3,-4
tendenza,1,3,-4
frutto,1,3,-4
soggetti,1,3,-4
letteratura,1,3,-4
programmi,1,3,-4
bimbe,1,3,-4
soffio,1,3,-4
farvi,1,3,-4
salvata,1,3,-4
vetta,1,3,-4
allenamento,1,3,-4
sexy,1,3,-4
terrazzo,1,3,-4
angeli,1,3,-4
filo,1,3,-4
femministe,1,3,-4
aborto,1,3,-4
agenzie,1,3,-4
area,1,3,-4
league,1,3,-4
ingaggio,1,3,-4
cantiere,1,3,-4
pressione,1,3,-4
notorietà,1,3,-4
appalto,1,3,-4
mito,1,3,-4
giornate,1,3,-4
fruibile,1,3,-4
gestionale,1,3,-4
busta,1,3,-4
romeno,1,3,-4
neoliberistico,1,3,-4
star,1,3,-4
ematologia,1,3,-4
apparecchi,1,3,-4
chiarimento,1,3,-4
indimenticabile,1,3,-4
comunisti,1,3,-4
girone,1,3,-4
disperati,1,3,-4
ginecologica,1,3,-4
prevenzione,1,3,-4
diplomatico,1,3,-4
confessore,1,3,-4
spaziali,1,3,-4
lago,1,3,-4
consulenti,1,3,-4
note,1,3,-4
giornale,1,3,-4
edicole,1,3,-4
disponibili,1,3,-4
cervello,1,3,-4
urgenza,1,3,-4
straniero,1,3,-4
massimi,1,3,-4
eurozona,1,3,-4
pil,1,3,-4
singole,1,3,-4
anonima,1,3,-4
voucher,1,3,-4
sostituzione,1,3,-4
biglietti,1,3,-4
assomusica,1,3,-4
reati,1,3,-4
maltrattati,1,3,-4
abitudini,1,3,-4
punta,1,3,-4
mattino,1,3,-4
cattiva,1,3,-4
guerini,1,3,-4
inopportuni,1,3,-4
espressione,1,3,-4
costo,1,3,-4
maire,1,3,-4
tastiera,1,3,-4
fisica,1,3,-4
operativo,1,3,-4
pignoramenti,1,3,-4
videogioco,1,3,-4
coding,1,3,-4
ammainata,1,3,-4
cavie,1,3,-4
impresario,1,3,-4
funebre,1,3,-4
wireless,1,3,-4
parete,1,3,-4
ficus,1,3,-4
burocrati,1,3,-4
sostenitori,1,3,-4
15mila,1,3,-4
commento,1,3,-4
camice,1,3,-4
opzione,1,3,-4
sviluppati,1,3,-4
circo,1,3,-4
massimo,1,3,-4
sicure,1,3,-4
istruttoria,1,3,-4
presunti,1,3,-4
diagnosi,1,3,-4
elettrovalvole,1,3,-4
assenze,1,3,-4
remoto,1,3,-4
sommersa,1,3,-4
addetto,1,3,-4
operaio,1,3,-4
investitori,1,3,-4
esteri,1,3,-4
lettore,1,3,-4
multimediale,1,3,-4
americana,1,3,-4
impensabile,1,3,-4
maledetto,1,3,-4
commercialista,1,3,-4
doc,1,3,-4
fiction,1,3,-4
liquidi,1,3,-4
femminili,1,3,-4
antenati,1,3,-4
antico,1,3,-4
del,1,3,-4
family,1,3,-4
antonino,1,3,-4
parlamentare,1,3,-4
fondatori,1,3,-4
legislature,1,3,-4
democratica,1,3,-4
catalfo,1,3,-4
microbiologo,1,3,-4
capitolo,1,3,-4
aleatori,1,3,-4
autolesionismo,1,3,-4
inversione,1,3,-4
paradosso,1,3,-4
pizzeria,1,3,-4
cliché,1,3,-4
contenziosi,1,3,-4
crociata,1,3,-4
acrobazie,1,3,-4
vere,1,3,-4
professioniste,1,3,-4
ripeterlo,1,3,-4
commentatore,1,3,-4
esplicita,1,3,-4
uovo,1,3,-4
brividi,1,3,-4
retromarcia,1,3,-4
castello,1,3,-4
sale,1,3,-4
slot,1,3,-4
potenziale,1,3,-4
biologia,1,3,-4
nido,1,3,-4
opera,1,3,-4
platea,1,3,-4
ridicole,1,3,-4
spot,1,3,-4
legali,1,3,-4
sconti,1,3,-4
cause,1,3,-4
sbandate,1,3,-4
sospensioni,1,3,-4
domino,1,3,-4
ulteriore,1,3,-4
vademecum,1,3,-4
15enne,1,3,-4
compagni,1,3,-4
corridoi,1,3,-4
orecchie,1,3,-4
conseguenze,1,3,-4
paragoni,1,3,-4
pistola,1,3,-4
inquieto,1,3,-4
scurati,1,3,-4
eroismo,1,3,-4
corsi,1,3,-4
recupero,1,3,-4
bazooka,1,3,-4
annunziata,1,3,-4
improvvisazione,1,3,-4
facciata,1,3,-4
risotti,1,3,-4
criptico,1,3,-4
sincero,1,3,-4
scatto,1,3,-4
tecnica,1,3,-4
ritratto,1,3,-4
salvadanaio,1,3,-4
procedura,1,3,-4
pensieri,1,3,-4
significativo,1,3,-4
funzionamento,1,3,-4
universitario,1,3,-4
quotidianità,1,3,-4
gioielli,1,3,-4
fatturato,1,3,-4
paletti,1,3,-4
concentrata,1,3,-4
commerciale,1,3,-4
stupido,1,3,-4
bassi,1,3,-4
asilo,1,3,-4
positività,1,3,-4
ignorante,1,3,-4
esuberi,1,3,-4
prepensionamenti,1,3,-4
vicepresidente,1,3,-4
ceca,1,3,-4
ricollocamenti,1,3,-4
commissari,1,3,-4
armatore,1,3,-4
onorato,1,3,-4
aziendali,1,3,-4
minaccia,1,3,-4
rimetterci,1,3,-4
ceppo,1,3,-4
cinese,1,3,-4
assunzione,1,3,-4
seri,1,3,-4
incognite,1,3,-4
tassista,1,3,-4
divertimento,1,3,-4
orale,1,3,-4
reparto,1,3,-4
casello,1,3,-4
scaglioni,1,3,-4
ricevute,1,3,-4
ospizi,1,3,-4
diventato,1,3,-4
pugliese,1,3,-4
conservazione,1,3,-4
specie,1,3,-4
aspetto,1,3,-4
dior,1,3,-4
sartoria,1,3,-4
integra,1,3,-4
musulmani,1,3,-4
islamico,1,3,-4
albero,1,3,-4
il,1,3,-4
brani,1,3,-4
rinegoziazione,1,3,-4
enti,1,3,-4
verifiche,1,3,-4
effettivo,1,3,-4
refresh,1,3,-4
rate,1,3,-4
hz,1,3,-4
gaming,1,3,-4
vedova,1,3,-4
barista,1,3,-4
pancione,1,3,-4
sapone,1,3,-4
villa,1,3,-4
panificio,1,3,-4
pane,1,3,-4
fiordaliso,1,3,-4
privato,1,3,-4
fondamentali,1,3,-4
malcontento,1,3,-4
fiamme,1,3,-4
multata,1,3,-4
galera,1,3,-4
faccenda,1,3,-4
nazismo,1,3,-4
domeniche,1,3,-4
bestiali,1,3,-4
spogliatoio,1,3,-4
autobus,1,3,-4
parcheggiatore,1,3,-4
pazzo,1,3,-4
presentimento,1,3,-4
brevi,1,3,-4
presa,1,3,-4
server,1,3,-4
contattateci,1,3,-4
titolo,1,3,-4
illese,1,3,-4
tb,1,3,-4
interna,1,3,-4
panico,1,3,-4
karaoke,1,3,-4
richiusi,1,3,-4
congiunto,1,3,-4
economisti,1,3,-4
ictus,1,3,-4
cerebrale,1,3,-4
calmi,1,3,-4
maghetto,1,3,-4
inquilini,1,3,-4
sciopero,1,3,-4
verdi,1,3,-4
divisioni,1,3,-4
consegna,1,3,-4
alimenti,1,3,-4
ultraottantenne,1,3,-4
palio,1,3,-4
eccellenti,1,3,-4
noncuranti,1,3,-4
lettura,1,3,-4
ascolto,1,3,-4
sarete,1,3,-4
analisi,1,3,-4
gesuita,1,3,-4
conclusione,1,3,-4
semifinale,1,3,-4
monologo,1,3,-4
gelato,1,3,-4
ostilità,1,3,-4
empatica,1,3,-4
battitura,1,3,-4
indulto,1,3,-4
autocertificazione,1,3,-4
doni,1,3,-4
innovation,1,3,-4
inventori,1,3,-4
abominevole,1,3,-4
autismo,1,3,-4
comportamenti,1,3,-4
necessarie,1,3,-4
massime,1,3,-4
​matrimonio,1,3,-4
irruzione,1,3,-4
comprano,1,3,-4
protettivo,1,3,-4
ordina,1,3,-4
finto,1,3,-4
gaffe,1,3,-4
incorvaia,1,3,-4
manicomi,1,3,-4
rettifica,1,3,-4
carneficina,1,3,-4
confronti,1,3,-4
supplenti,1,3,-4
box,1,3,-4
alpini,1,3,-4
gargarismi,1,3,-4
punture,1,3,-4
zanzara,1,3,-4
tubercolosi,1,3,-4
incastro,1,3,-4
gruppi,1,3,-4
ente,1,3,-4
accreditamento,1,3,-4
mente,1,3,-4
stilisti,1,3,-4
fatturati,1,3,-4
camera,1,3,-4
ingenti,1,3,-4
apripista,1,3,-4
patenti,1,3,-4
conferme,1,3,-4
gestiti,1,3,-4
territorio,1,3,-4
falla,1,3,-4
mitomane,1,3,-4
junk,1,3,-4
pensionato,1,3,-4
matto,1,3,-4
traghetti,1,3,-4
clic,1,3,-4
atleti,1,3,-4
sportive,1,3,-4
sufficienti,1,3,-4
proteste,1,3,-4
comunicazioni,1,3,-4
attuale,1,3,-4
isteria,1,3,-4
ignoranza,1,3,-4
abissale,1,3,-4
tema,1,3,-4
interesse,1,3,-4
nascondino,1,3,-4
élite,1,3,-4
scambi,1,3,-4
parlamentari,1,3,-4
​727,1,3,-4
90enne,1,3,-4
respiratore,1,3,-4
untori,1,3,-4
torneo,1,3,-4
centrali,1,3,-4
azionisti,1,3,-4
rilevanti,1,3,-4
saliva,1,3,-4
infetta,1,3,-4
bassa,1,3,-4
batteria,1,3,-4
mah,1,3,-4
benessere,1,3,-4
fdi,1,3,-4
patriottico,1,3,-4
false,1,3,-4
ovest,1,3,-4
oceano,1,3,-4
propagarsi,1,3,-4
ricchezza,1,3,-4
disastri,1,3,-4
strani,1,3,-4
comunitario,1,3,-4
29enne,1,3,-4
canzone,1,3,-4
trovata,1,3,-4
indignazione,1,3,-4
britannico,1,3,-4
80enni,1,3,-4
tedesche,1,3,-4
scontrosa,1,3,-4
incentivi,1,3,-4
statali,1,3,-4
addominali,1,3,-4
coma,1,3,-4
farmacologico,1,3,-4
violata,1,3,-4
guerriera,1,3,-4
gravissima,1,3,-4
giudici,1,3,-4
informarsi,1,3,-4
duo,1,3,-4
predatore,1,3,-4
starnuto,1,3,-4
nuvola,1,3,-4
infette,1,3,-4
resiste,1,3,-4
estratti,1,3,-4
macerie,1,3,-4
sting,1,3,-4
aifa,1,3,-4
sovraffollamento,1,3,-4
atterraggio,1,3,-4
pagina,1,3,-4
utente,1,3,-4
esplosione,1,3,-4
vive,1,3,-4
sans,1,3,-4
parola,1,3,-4
greco,1,3,-4
male,1,3,-4
FALSO,1,3,-4
involontarietà,1,3,-4
salvavita,1,3,-4
criminologi,1,3,-4
russi,1,3,-4
clinici,1,3,-4
avvocati,1,3,-4
occupati,1,3,-4
guardarti,1,3,-4
incompleto,1,3,-4
segnalazioni,1,3,-4
lettori,1,3,-4
plateau,1,3,-4
alleati,1,3,-4
dilemma,1,3,-4
ricoverato,1,3,-4
avervi,1,3,-4
varie,1,3,-4
spugna,1,3,-4
azione,1,3,-4
distillato,1,3,-4
saggezza,1,3,-4
colpite,1,3,-4
giapponese,1,3,-4
veicoli,1,3,-4
transizione,1,3,-4
attuali,1,3,-4
facili,1,3,-4
ottimismi,1,3,-4
galateo,1,3,-4
riunioni,1,3,-4
chat,1,3,-4
cig,1,3,-4
voio,1,3,-4
rassicura,1,3,-4
informativa,1,3,-4
damellis,1,3,-4
corna,1,3,-4
inevitabili,1,3,-4
intasamenti,1,3,-4
montezemolo,1,3,-4
veronica,1,3,-4
infrastrutture,1,3,-4
distanti,1,3,-4
loghi,1,3,-4
congedo,1,3,-4
parentale,1,3,-4
impressione,1,3,-4
canzoni,1,3,-4
dischi,1,3,-4
adatti,1,3,-4
discriminateli,1,3,-4
paurosi,1,3,-4
palazzi,1,3,-4
impotenza,1,3,-4
ignorino,1,3,-4
lobbisti,1,3,-4
presidio,1,3,-4
condizione,1,3,-4
pagine,1,3,-4
centrale,1,3,-4
miracolose,1,3,-4
deficit,1,3,-4
metro,1,3,-4
sud,1,3,-4
day,1,3,-4
colpiti,1,3,-4
belli,1,3,-4
vincoli,1,3,-4
duchessa,1,3,-4
mielosa,1,3,-4
prossimo,1,3,-4
enigma,1,3,-4
cococo,1,3,-4
5s,1,3,-4
13enne,1,3,-4
soffriva,1,3,-4
piani,1,3,-4
superato,1,3,-4
attenta,1,3,-4
panariello,1,3,-4
carità,1,3,-4
polmonari,1,3,-4
banchieri,1,3,-4
visioni,1,3,-4
diverse,1,3,-4
competitiva,1,3,-4
sovrappopolazione,1,3,-4
invecchiamento,1,3,-4
passeggiata,1,3,-4
eleganti,1,3,-4
camicia,1,3,-4
cravatta,1,3,-4
felpe,1,3,-4
suicidi,1,3,-4
rione,1,3,-4
sfogarci,1,3,-4
19enne,1,3,-4
respiratoria,1,3,-4
camminata,1,3,-4
rifugio,1,3,-4
mini,1,3,-4
commissario,1,3,-4
39milioni,1,3,-4
consegnate,1,3,-4
décolleté,1,3,-4
florido,1,3,-4
impennata,1,3,-4
libretto,1,3,-4
applauso,1,3,-4
testamento,1,3,-4
destino,1,3,-4
lombarda,1,3,-4
cuneo,1,3,-4
nominale,1,3,-4
varriale,1,3,-4
profumo,1,3,-4
fiscalità,1,3,-4
ridursi,1,3,-4
delusione,1,3,-4
ecologista,1,3,-4
bresciani,1,3,-4
temporaneo,1,3,-4
croceristi,1,3,-4
accettabile,1,3,-4
rialzarci,1,3,-4
eliminateli,1,3,-4
fatture,1,3,-4
temporanee,1,3,-4
ricchi,1,3,-4
famosi,1,3,-4
ghigliottina,1,3,-4
odiatori,1,3,-4
fiamma,1,3,-4
girl,1,3,-4
strangola,1,3,-4
tempesta,1,3,-4
sessuale,1,3,-4
46enne,1,3,-4
distribuzione,1,3,-4
traffici,1,3,-4
strana,1,3,-4
videoconfronto,1,3,-4
12enne,1,3,-4
portiere,1,3,-4
propulsione,1,3,-4
idrogeno,1,3,-4
eliambulanze,1,3,-4
semplificato,1,3,-4
astronauta,1,3,-4
sullo,1,3,-4
vieni,1,3,-4
facevo,1,3,-4
insieme,1,3,-4
c,1,3,-4
ufficiale,1,3,-4
convivenza,1,3,-4
goccia,1,3,-4
aereo,1,3,-4
camion,1,3,-4
marea,1,3,-4
sfratti,1,3,-4
discriminazione,1,3,-4
vegani,1,3,-4
gravità,1,3,-4
scrivi,1,3,-4
terrazzino,1,3,-4
scale,1,3,-4
semestre,1,3,-4
cosparsi,1,3,-4
presunto,1,3,-4
infusioni,1,3,-4
iperimmune,1,3,-4
buona,1,3,-4
39enne,1,3,-4
malgioglio,1,3,-4
commosso,1,3,-4
guarigione,1,3,-4
lacrime,1,3,-4
camp,1,3,-4
sconsiderata,1,3,-4
fiera,1,3,-4
nona,1,3,-4
virtù,1,3,-4
misteri,1,3,-4
scellerati,1,3,-4
”,1,3,-4
assassina,1,3,-4
gran,1,3,-4
tariffe,1,3,-4
arrenderci,1,3,-4
strutture,1,3,-4
matematica,1,3,-4
osceni,1,3,-4
scorte,1,3,-4
mettersi,1,3,-4
espella,1,3,-4
contenimento,1,3,-4
sacco,1,3,-4
giocatore,1,3,-4
damae,1,3,-4
orto,1,3,-4
terapeutico,1,3,-4
cardiaco,1,3,-4
contento,1,3,-4
signor,1,3,-4
miniera,1,3,-4
cauto,1,3,-4
listini,1,3,-4
asiatici,1,3,-4
parità,1,3,-4
manifatturiero,1,3,-4
lancio,1,3,-4
pensabile,1,3,-4
pronato,1,3,-4
senso,1,3,-4
contingentamento,1,3,-4
svolta,1,3,-4
running,1,3,-4
salita,1,3,-4
urbano,1,3,-4
tristezza,1,3,-4
anticorporali,1,3,-4
avventate,1,3,-4
showgirl,1,3,-4
rotte,1,3,-4
comunali,1,3,-4
compagno,1,3,-4
funzioneranno,1,3,-4
famoso,1,3,-4
comandi,1,3,-4
manichini,1,3,-4
cuoco,1,3,-4
stesse,1,3,-4
vip,1,3,-4
minimo,1,3,-4
commenti,1,3,-4
allungamento,1,3,-4
conduttrice,1,3,-4
timore,1,3,-4
rivolte,1,3,-4
saccheggi,1,3,-4
dolorosa,1,3,-4
alcolici,1,3,-4
violenze,1,3,-4
metropoli,1,3,-4
pianto,1,3,-4
radio,1,3,-4
popolare,1,3,-4
colazione,1,3,-4
borgo,1,3,-4
belga,1,3,-4
doveri,1,3,-4
sonno,1,3,-4
metodi,1,3,-4
notti,1,3,-4
mezzanone,1,3,-4
incendio,1,3,-4
ghetto,1,3,-4
defunti,1,3,-4
firmate,1,3,-4
infortunio,1,3,-4
tragitto,1,3,-4
tour,1,3,-4
musei,1,3,-4
estorsori,1,3,-4
scaglionata,1,3,-4
bollette,1,3,-4
comunista,1,3,-4
piazze,1,3,-4
vuote,1,3,-4
boeri,1,3,-4
narcos,1,3,-4
medaglia,1,3,-4
bronzo,1,3,-4
rinuncia,1,3,-4
etica,1,3,-4
compensi,1,3,-4
coltelli,1,3,-4
ring,1,3,-4
gala,1,3,-4
cinerarie,1,3,-4
artista,1,3,-4
dichiarazione,1,3,-4
secolo,1,3,-4
carabine,1,3,-4
roll,1,3,-4
disperazione,1,3,-4
pulci,1,3,-4
allenatori,1,3,-4
salme,1,3,-4
allenatore,1,3,-4
lancette,1,3,-4
pennarello,1,3,-4
prodotti,1,3,-4
bergamasca,1,3,-4
produttive,1,3,-4
confronto,1,3,-4
quota,1,3,-4
veterinari,1,3,-4
varechina,1,3,-4
vicine,1,3,-4
prelato,1,3,-4
residente,1,3,-4
infetto,1,3,-4
solenghi,1,3,-4
orgogliosi,1,3,-4
sorelline,1,3,-4
campagna,1,3,-4
coordinamento,1,3,-4
onoranze,1,3,-4
veicolo,1,3,-4
private,1,3,-4
massiccio,1,3,-4
sottile,1,3,-4
condivide,1,3,-4
abuso,1,3,-4
istanza,1,3,-4
disposizioni,1,3,-4
monitoraggio,1,3,-4
formula,1,3,-4
vitamina,1,3,-4
ginocchio,1,3,-4
rimedio,1,3,-4
passaggi,1,3,-4
reclusione,1,3,-4
costituente,1,3,-4
primaverili,1,3,-4
prandelli,1,3,-4
turistiche,1,3,-4
eparina,1,3,-4
prudenza,1,3,-4
diversa,1,3,-4
criticità,1,3,-4
clip,1,3,-4
integrale,1,3,-4
vino,1,3,-4
82enne,1,3,-4
inno,1,3,-4
gioia,1,3,-4
magazzini,1,3,-4
istutizioni,1,3,-4
drammatico,1,3,-4
indipendenti,1,3,-4
pramaturo,1,3,-4
contentino,1,3,-4
libraccio,1,3,-4
ironici,1,3,-4
disabile,1,3,-4
entrata,1,3,-4
cementificazione,1,3,-4
marcia,1,3,-4
trucco,1,3,-4
opinionista,1,3,-4
rime,1,3,-4
pensionati,1,3,-4
memorandum,1,3,-4
chilometriche,1,3,-4
vigilia,1,3,-4
criminale,1,3,-4
dicevi,1,3,-4
mirino,1,3,-4
violento,1,3,-4
intrecci,1,3,-4
favori,1,3,-4
cantano,1,3,-4
centinaio,1,3,-4
santo,1,3,-4
discografia,1,3,-4
saltati,1,3,-4
indotto,1,3,-4
cotugno,1,3,-4
malinteso,1,3,-4
patriottismo,1,3,-4
alpinisti,1,3,-4
riflessioni,1,3,-4
decesso,1,3,-4
indigena,1,3,-4
ragazzo,1,3,-4
tradizioni,1,3,-4
americane,1,3,-4
letture,1,3,-4
dispenser,1,3,-4
metrature,1,3,-4
adeguarsi,1,3,-4
indigeni,1,3,-4
ascolti,1,3,-4
avversari,1,3,-4
artigiani,1,3,-4
tentativi,1,3,-4
speculazione,1,3,-4
rianimatore,1,3,-4
smacco,1,3,-4
liposuzione,1,3,-4
glicine,1,3,-4
inverno,1,3,-4
alessia,1,3,-4
dpcm,1,3,-4
stuprarla,1,3,-4
religiose,1,3,-4
incognita,1,3,-4
campeggio,1,3,-4
dovere,1,3,-4
polpettine,1,3,-4
valori,1,3,-4
visibili,1,3,-4
altissima,1,3,-4
dillo,1,3,-4
bankitalia,1,3,-4
valutino,1,3,-4
crimine,1,3,-4
fatto,1,3,-4
gravissimo,1,3,-4
infesta,1,3,-4
ventenni,1,3,-4
terapeutiche,1,3,-4
banda,1,3,-4
scoppio,1,3,-4
bandaromanzo,1,3,-4
carnevale,1,3,-4
suoni,1,3,-4
miracoli,1,3,-4
spartito,1,3,-4
neurologica,1,3,-4
ginecologo,1,3,-4
romani,1,3,-4
talento,1,3,-4
provo,1,3,-4
sommersi,1,3,-4
tensioni,1,3,-4
montepremi,1,3,-4
vegano,1,3,-4
sovranista,1,3,-4
stramba,1,3,-4
termico,1,3,-4
pallone,1,3,-4
teleassistenza,1,3,-4
immensità,1,3,-4
eternità,1,3,-4
singapore,1,3,-4
durata,1,3,-4
accedervi,1,3,-4
indizi,1,3,-4
prossimianche,1,3,-4
festacon,1,3,-4
oratorio,1,3,-4
dott,1,3,-4
totalitario,1,3,-4
dimissioni,1,3,-4
libri,1,3,-4
demoni,1,3,-4
disponibile,1,3,-4
zucchero,1,3,-4
guardo,1,3,-4
colonne,1,3,-4
ingorghi,1,3,-4
rito,1,3,-4
meloni,1,3,-4
convinto,1,3,-4
balle,1,3,-4
vette,1,3,-4
tasche,1,3,-4
lasciarci,1,3,-4
​e,1,3,-4
lupi,1,3,-4
agnelli,1,3,-4
inadeguato,1,3,-4
sistemi,1,3,-4
geolocalizzazione,1,3,-4
lizza,1,3,-4
ndragheta,1,3,-4
stragista,1,3,-4
zittiscono,1,3,-4
moltiplica,1,3,-4
debole,1,3,-4
daccapo,1,3,-4
viterbese,1,3,-4
celleno,1,3,-4
rimandata,1,3,-4
inaccettabile,1,3,-4
clinico,1,3,-4
lieve,1,3,-4
stilista,1,3,-4
sposa,1,3,-4
ad,1,3,-4
cinesi,1,3,-4
provinciale,1,3,-4
polline,1,3,-4
coppia,1,3,-4
riprese,1,3,-4
bocciatura,1,3,-4
sceriffi,1,3,-4
riders,1,3,-4
emergenze,1,3,-4
vigilanza,1,3,-4
nigeriana,1,3,-4
procedurale,1,3,-4
fianco,1,3,-4
febbraio,1,3,-4
simile,1,3,-4
bozza,1,3,-4
darci,1,3,-4
vicesindaco,1,3,-4
psichiatrico,1,3,-4
permesso,1,3,-4
crocifissi,1,3,-4
usarla,1,3,-4
assegni,1,3,-4
inizieremo,1,3,-4
affidabili,1,3,-4
ammazzo,1,3,-4
regalone,1,3,-4
olimpico,1,3,-4
organizzatore,1,3,-4
polmoniti,1,3,-4
trattate,1,3,-4
promessa,1,3,-4
correlazione,1,3,-4
differenti,1,3,-4
clacson,1,3,-4
bloccata,1,3,-4
temporanea,1,3,-4
importanti,1,3,-4
gabesato,1,3,-4
copertina,1,3,-4
sepolte,1,3,-4
modalità,1,3,-4
notifiche,1,3,-4
europeisti,1,3,-4
introvabile,1,3,-4
sopravvissuti,1,3,-4
cuori,1,3,-4
aerea,1,3,-4
redditi,1,3,-4
grana,1,3,-4
sviluppo,1,3,-4
bengalese,1,3,-4
carboidrati,1,3,-4
segnale,1,3,-4
supervilla,1,3,-4
meglio,1,3,-4
hollywoodiane,1,3,-4
immunizzati,1,3,-4
polizze,1,3,-4
scadenze,1,3,-4
controllori,1,3,-4
editoria,1,3,-4
ritiro,1,3,-4
tiro,1,3,-4
briatore,1,3,-4
naviga,1,3,-4
avventura,1,3,-4
farmacisti,1,3,-4
fosse,1,3,-4
funerale,1,3,-4
patti,1,3,-4
braccino,1,3,-4
episodi,1,3,-4
inediti,1,3,-4
musicisti,1,3,-4
trappola,1,3,-4
sospetto,1,3,-4
inconcepibile,1,3,-4
candidati,1,3,-4
vaccini,1,3,-4
clinica,1,3,-4
assunti,1,3,-4
grafico,1,3,-4
sacra,1,3,-4
ostensione,1,3,-4
straordinaria,1,3,-4
ricciardi,1,3,-4
pomeriggio,1,3,-4
frigorifero,1,3,-4
lavorative,1,3,-4
fattura,1,3,-4
ubriaco,1,3,-4
prestazioni,1,3,-4
letto,1,3,-4
lessico,1,3,-4
recalcati,1,3,-4
cadute,1,3,-4
truffe,1,3,-4
indagati,1,3,-4
restituiti,1,3,-4
chiavi,1,3,-4
conclusioni,1,3,-4
riferimento,1,3,-4
comment,1,3,-4
partita,1,3,-4
scene,1,3,-4
orrore,1,3,-4
miglior,1,3,-4
alleato,1,3,-4
ricche,1,3,-4
ragù,1,3,-4
combustibili,1,3,-4
fossili,1,3,-4
televisione,1,3,-4
imprenditore,1,3,-4
animatori,1,3,-4
profumi,1,3,-4
scompare,1,3,-4
ecclestone,1,3,-4
ferri,1,3,-4
malore,1,3,-4
osservazione,1,3,-4
smentite,1,3,-4
principi,1,3,-4
farmacie,1,3,-4
modelli,1,3,-4
cinzia,1,3,-4
laurea,1,3,-4
nipotino,1,3,-4
saturimetri,1,3,-4
costosissimi,1,3,-4
ciabatte,1,3,-4
soccorsi,1,3,-4
galoppo,1,3,-4
viale,1,3,-4
sogni,1,3,-4
fumettista,1,3,-4
vignette,1,3,-4
articoli,1,3,-4
pannolini,1,3,-4
giorno/5,1,3,-4
palleggi,1,3,-4
montagne,1,3,-4
sciatori,1,3,-4
economista,1,3,-4
alleanza,1,3,-4
negoziato,1,3,-4
risalita,1,3,-4
veti,1,3,-4
fragile,1,3,-4
falco,1,3,-4
incompatibile,1,3,-4
decisioni,1,3,-4
regionale,1,3,-4
accelera,1,3,-4
abbracci,1,3,-4
astronauti,1,3,-4
equipaggio,1,3,-4
conferma,1,3,-4
dimostrazione,1,3,-4
efficienti,1,3,-4
decuplicato,1,3,-4
ultrà,1,3,-4
battenti,1,3,-4
talk,1,3,-4
vitalità,1,3,-4
40mila,1,3,-4
continenti,1,3,-4
profilattico,1,3,-4
eredità,1,3,-4
minestra,1,3,-4
infanzia,1,3,-4
concordato,1,3,-4
favorevoli,1,3,-4
atmosfera,1,3,-4
focus,1,3,-4
reni,1,3,-4
immediati,1,3,-4
pinacoteca,1,3,-4
haltadefinizione,1,3,-4
capolavori,1,3,-4
occhio,1,3,-4
assassini,1,3,-4
pakistano,1,3,-4
rinunciate,1,3,-4
giudizio,1,3,-4
annunciata,1,3,-4
curevac,1,3,-4
giusta,1,3,-4
pedali,1,3,-4
t,1,3,-4
shirt,1,3,-4
diavolo,1,3,-4
volontario,1,3,-4
pranoterapeuta,1,3,-4
allo,1,3,-4
proroga,1,3,-4
portatili,1,3,-4
processore,1,3,-4
grafica,1,3,-4
stradale,1,3,-4
best,1,3,-4
liberazione,1,3,-4
fuorigioco,1,3,-4
percentuali,1,3,-4
copertura,1,3,-4
adeguate,1,3,-4
presentatore,1,3,-4
obesi,1,3,-4
fumatori,1,3,-4
risultato,1,3,-4
trapianto,1,3,-4
inquinata,1,3,-4
legame,1,3,-4
untore,1,3,-4
previdenza,1,3,-4
padroni,1,3,-4
batterie,1,3,-4
ricarica,1,3,-4
ioni,1,3,-4
piattaforme,1,3,-4
didattiche,1,3,-4
axios,1,3,-4
tarda,1,3,-4
mattinata,1,3,-4
farnetti,1,3,-4
calorie,1,3,-4
nervose,1,3,-4
rendimenti,1,3,-4
dietrofront,1,3,-4
denunciati,1,3,-4
indipendente,1,3,-4
crociera,1,3,-4
egoista,1,3,-4
logorato,1,3,-4
prematura,1,3,-4
disposta,1,3,-4
blinda,1,3,-4
sadico,1,3,-4
sommergibilisti,1,3,-4
rivotril,1,3,-4
terminali,1,3,-4
pallavolo,1,3,-4
scudetti,1,3,-4
sposi,1,3,-4
municipio,1,3,-4
sofferti,1,3,-4
chirurgico,1,3,-4
origine,1,3,-4
frecciatina,1,3,-4
cieche,1,3,-4
profitto,1,3,-4
congedi,1,3,-4
pioggia,1,3,-4
frate,1,3,-4
laico,1,3,-4
vergognoso,1,3,-4
luci,1,3,-4
palco,1,3,-4
produzioni,1,3,-4
ramazzotti,1,3,-4
rispetto,1,3,-4
schifoso,1,3,-4
sequestri,1,3,-4
ditta,1,3,-4
hater,1,3,-4
rovina,1,3,-4
lucidi,1,3,-4
drammatici,1,3,-4
linfa,1,3,-4
animazione,1,3,-4
asse,1,3,-4
postato,1,3,-4
bravo,1,3,-4
alloggi,1,3,-4
provocazione,1,3,-4
serena,1,3,-4
votarlo,1,3,-4
sci,1,3,-4
gamba,1,3,-4
orologeria,1,3,-4
sosta,1,3,-4
gomme,1,3,-4
distratto,1,3,-4
maglia,1,3,-4
seno,1,3,-4
importi,1,3,-4
inedito,1,3,-4
dito,1,3,-4
classici,1,3,-4
clausura,1,3,-4
fornitura,1,3,-4
operativi,1,3,-4
pronipote,1,3,-4
gretto,1,3,-4
vigliacco,1,3,-4
editoriale,1,3,-4
center,1,3,-4
costruzione,1,3,-4
acquisto,1,3,-4
sequestro,1,3,-4
vigliaccata,1,3,-4
femminismo,1,3,-4
badanti,1,3,-4
datori,1,3,-4
cautele,1,3,-4
elusione,1,3,-4
azioni,1,3,-4
biotech,1,3,-4
resurrezione,1,3,-4
cena,1,3,-4
vivente,1,3,-4
premi,1,3,-4
anteprima,1,3,-4
clausole,1,3,-4
-116,1,3,-4
malato,1,3,-4
organi,1,3,-4
convenienti,1,3,-4
trattati,1,3,-4
trasparenza,1,3,-4
rutte,1,3,-4
bocce,1,3,-4
caduti,1,3,-4
trionfa,1,3,-4
ristoratori,1,3,-4
bergamasco,1,3,-4
annunci,1,3,-4
visione,1,3,-4
cella,1,3,-4
infettarsi,1,3,-4
stanzia,1,3,-4
toccante,1,3,-4
bisognosi,1,3,-4
corrotto,1,3,-4
elettorali,1,3,-4
progressi,1,3,-4
orario,1,3,-4
presidenti,1,3,-4
consultivi,1,3,-4
gru,1,3,-4
indietro,1,3,-4
ala,1,3,-4
radicale,1,3,-4
frontiera,1,3,-4
denaro,1,3,-4
fasi,1,3,-4
minime,1,3,-4
atomica,1,3,-4
deleterio,1,3,-4
diminuzione,1,3,-4
netta,1,3,-4
comizio,1,3,-4
emendamento,1,3,-4
concreti,1,3,-4
giusto,1,3,-4
confindustrie,1,3,-4
obiettivi,1,3,-4
filiere,1,3,-4
piedino,1,3,-4
priva,1,3,-4
coscienza,1,3,-4
morbi,1,3,-4
tropicali,1,3,-4
deputati,1,3,-4
tricolori,1,3,-4
operatrice,1,3,-4
presidenziali,1,3,-4
ritmo,1,3,-4
insostenibile,1,3,-4
palazzolo,1,3,-4
restaurazione,1,3,-4
spinta,1,3,-4
aborti,1,3,-4
x65,1,3,-4
screening,1,3,-4
date,1,3,-4
diagnostici,1,3,-4
intestino,1,3,-4
abbigliamento,1,3,-4
marchi,1,3,-4
capi,1,3,-4
comodi,1,3,-4
orfani,1,3,-4
risarcimento,1,3,-4
cremazione,1,3,-4
adozione,1,3,-4
roadmap,1,3,-4
tribuna,1,3,-4
divertirsi,1,3,-4
tg,1,3,-4
seggi,1,3,-4
frontiere,1,3,-4
bancaria,1,3,-4
autori,1,3,-4
estratto,1,3,-4
esclusiva,1,3,-4
escort,1,3,-4
rampolli,1,3,-4
istinto,1,3,-4
materno,1,3,-4
v,1,3,-4
ibrido,1,3,-4
leggero,1,3,-4
frigo,1,3,-4
difendersi,1,3,-4
epoca,1,3,-4
vi,1,3,-4
calderoli,1,3,-4
senatori,1,3,-4
naturali,1,3,-4
respiratori,1,3,-4
decorso,1,3,-4
cittadino,1,3,-4
aneddoti,1,3,-4
ideale,1,3,-4
merito,1,3,-4
prigione,1,3,-4
respiratorie,1,3,-4
finanziato,1,3,-4
solitarie,1,3,-4
allarmi,1,3,-4
automobilisti,1,3,-4
galiziane,1,3,-4
concessione,1,3,-4
grafici,1,3,-4
vincitori,1,3,-4
corona,1,3,-4
capirlo|il,1,3,-4
veto,1,3,-4
canali,1,3,-4
brutte,1,3,-4
enoxaparina,1,3,-4
trombosi,1,3,-4
sopravvive,1,3,-4
esperta,1,3,-4
giornalisti,1,3,-4
ferito,1,3,-4
arrivi,1,3,-4
grano,1,3,-4
tragico,1,3,-4
improvviso,1,3,-4
termine,1,3,-4
umbro,1,3,-4
insegue,1,3,-4
soccorritori,1,3,-4
protagoniste,1,3,-4
gemma,1,3,-4
scienziato,1,3,-4
deluso,1,3,-4
fido,1,3,-4
ero,1,3,-4
sesta,1,3,-4
regolari,1,3,-4
viadotti,1,3,-4
pentagono,1,3,-4
indiana,1,3,-4
vibratori,1,3,-4
legno,1,3,-4
cara,1,3,-4
venditore,1,3,-4
bacchetta,1,3,-4
indossarli,1,3,-4
rimuoverli,1,3,-4
fondatore,1,3,-4
patrimonio,1,3,-4
economiche,1,3,-4
pura,1,3,-4
fuffa,1,3,-4
mediatica,1,3,-4
inferiore,1,3,-4
illudiamoci,1,3,-4
gradualità,1,3,-4
finanziaria,1,3,-4
tifoso,1,3,-4
tracciamenti,1,3,-4
progettazione,1,3,-4
pubbliche,1,3,-4
falchi,1,3,-4
osservatorio,1,3,-4
umano,1,3,-4
gelo,1,3,-4
muri,1,3,-4
cardinal,1,3,-4
mercatone,1,3,-4
fornitori,1,3,-4
riposocome,1,3,-4
frullatori,1,3,-4
mischiatie,1,3,-4
ardito,1,3,-4
futurista,1,3,-4
fumata,1,3,-4
super,1,3,-4
mezzofondo,1,3,-4
riconversione,1,3,-4
braccianti,1,3,-4
frutta,1,3,-4
sanatoria,1,3,-4
notturno,1,3,-4
meraviglie,1,3,-4
teoria,1,3,-4
complotto,1,3,-4
sbarazzarsi,1,3,-4
soglia,1,3,-4
meraviglioso,1,3,-4
cruccio,1,3,-4
perquisizioni,1,3,-4
videoscheda,1,3,-4
linguine,1,3,-4
zucchine,1,3,-4
basilico,1,3,-4
videoricetta,1,3,-4
complesse,1,3,-4
colpito,1,3,-4
ras,1,3,-4
sfuggito,1,3,-4
ideo,1,3,-4
approccio,1,3,-4
lockdown,1,3,-4
dormivo,1,3,-4
farsa,1,3,-4
eccezionali,1,3,-4
impraticabile,1,3,-4
opzioni,1,3,-4
ristoratrice,1,3,-4
colao,1,3,-4
idiota,1,3,-4
dispositivi,1,3,-4
requisiti,1,3,-4
massima,1,3,-4
preoccupata,1,3,-4
differenza,1,3,-4
sostanziale,1,3,-4
soddisfacenti,1,3,-4
irresistibile,1,3,-4
valigia,1,3,-4
luna,1,3,-4
miele,1,3,-4
compagnie,1,3,-4
aeree,1,3,-4
voli,1,3,-4
estetista,1,3,-4
capolavoro,1,3,-4
​scontro,1,3,-4
teorie,1,3,-4
quinta,1,3,-4
ufficialemente,1,3,-4
flessione,1,3,-4
esterno,1,3,-4
cucina,1,3,-4
anticipazioni,1,3,-4
incompatibilità,1,3,-4
coordinato,1,3,-4
certificati,1,3,-4
anagrafici,1,3,-4
orgoglio,1,3,-4
sabina,1,3,-4
imitazione,1,3,-4
espone,1,3,-4
populismo,1,3,-4
pancia,1,3,-4
spazio,1,3,-4
fenomeni,1,3,-4
cosmici,1,3,-4
potenti,1,3,-4
getto,1,3,-4
studente,1,3,-4
whatsapp,1,3,-4
inoltrabili,1,3,-4
claudio,1,3,-4
tute,1,3,-4
paillettes,1,3,-4
panni,1,3,-4
casuale,1,3,-4
verifica,1,3,-4
polmonite,1,3,-4
fede,1,3,-4
allibito,1,3,-4
grassa,1,3,-4
ragazza,1,3,-4
gallina,1,3,-4
partiti,1,3,-4
indegne,1,3,-4
scrittrice,1,3,-4
welfare,1,3,-4
clan,1,3,-4
interessate,1,3,-4
membri,1,3,-4
viceammiraglio,1,3,-4
trezza,1,3,-4
sciagura,1,3,-4
triangolo,1,3,-4
autoritario,1,3,-4
fantasie,1,3,-4
erotiche,1,3,-4
frequenti,1,3,-4
basilica,1,3,-4
giannimorandi,1,3,-4
nudi,1,3,-4
tiene,1,3,-4
vincitore,1,3,-4
impulsivo,1,3,-4
scenario,1,3,-4
schizza,1,3,-4
segnalati,1,3,-4
speaker,1,3,-4
radiofonica,1,3,-4
playstation,1,3,-4
flirt,1,3,-4
calciatore,1,3,-4
serbo,1,3,-4
condizionalità,1,3,-4
mazzo,1,3,-4
dirotto,1,3,-4
aida,1,3,-4
epilessia,1,3,-4
tantissimo,1,3,-4
cugino,1,3,-4
tata,1,3,-4
cast,1,3,-4
corresponsabilità,1,3,-4
nazionali,1,3,-4
capisaldi,1,3,-4
wellness,1,3,-4
amica,1,3,-4
interessati,1,3,-4
sani,1,3,-4
pedofilia,1,3,-4
sentenza,1,3,-4
accanimento,1,3,-4
grattacieli,1,3,-4
infettivolgo,1,3,-4
tormenti,1,3,-4
speciale,1,3,-4
accatastati,1,3,-4
ferita,1,3,-4
canoa,1,3,-4
disperso,1,3,-4
racconti,1,3,-4
annegate,1,3,-4
motonave,1,3,-4
chiave,1,3,-4
stravolte,1,3,-4
dormo,1,3,-4
attivo,1,3,-4
tributo,1,3,-4
ingiustizia,1,3,-4
dogane,1,3,-4
internet,1,3,-4
costituzione,1,3,-4
fusillo,1,3,-4
bucato,1,3,-4
discriminazioni,1,3,-4
agricoltura,1,3,-4
manodopera,1,3,-4
dl,1,3,-4
triplica,1,3,-4
brusca,1,3,-4
cruciale,1,3,-4
assembramento,1,3,-4
morsa,1,3,-4
treni,1,3,-4
coordinatore,1,3,-4
rianimazioni,1,3,-4
zattera,1,3,-4
salvataggio,1,3,-4
miliari,1,3,-4
cortocircuito,1,3,-4
orientarci,1,3,-4
premer,1,3,-4
rinvii,1,3,-4
stagionale,1,3,-4
obbligatoria,1,3,-4
promozione,1,3,-4
protette,1,3,-4
confusa,1,3,-4
lufthansa,1,3,-4
licenza,1,3,-4
val,1,3,-4
miiliardi,1,3,-4
edificio,1,3,-4
coniugi,1,3,-4
asset,1,3,-4
strategici,1,3,-4
spoon,1,3,-4
spacciatori,1,3,-4
calabresi,1,3,-4
trasferimenti,1,3,-4
udienza,1,3,-4
scarcerazione,1,3,-4
asmatico,1,3,-4
scommette,1,3,-4
portarci,1,3,-4
libici,1,3,-4
attualità,1,3,-4
sfregio,1,3,-4
nipoti,1,3,-4
biondi,1,3,-4
invincibili,1,3,-4
efficaci,1,3,-4
diversi,1,3,-4
sussidio,1,3,-4
ricordi,1,3,-4
interpreti,1,3,-4
moribonda,1,3,-4
veneti,1,3,-4
seguito,1,3,-4
abbassarsi,1,3,-4
dirette,1,3,-4
instagram,1,3,-4
rsa,1,3,-4
notizia,1,3,-4
carenza,1,3,-4
picchetto,1,3,-4
deputato,1,3,-4
verde,1,3,-4
salvarci,1,3,-4
osate,1,3,-4
inattivi,1,3,-4
niksen,1,3,-4
retroscena,1,3,-4
pangolino,1,3,-4
cov-2,1,3,-4
dormitori,1,3,-4
tardive,1,3,-4
dipinto,1,3,-4
scandaloso,1,3,-4
nazisti,1,3,-4
assistito,1,3,-4
umore,1,3,-4
necessità,1,3,-4
età,1,3,-4
reazione,1,3,-4
violenta,1,3,-4
routine,1,3,-4
costruttori,1,3,-4
idrossiclorochina,1,3,-4
concrete,1,3,-4
pompieri,1,3,-4
scherzo,1,3,-4
straordinari,1,3,-4
teorema,1,3,-4
congiuntivite,1,3,-4
delatori,1,3,-4
arrende,1,3,-4
odio,1,3,-4
privatamente,1,3,-4
incostituzionali,1,3,-4
domiciliati,1,3,-4
differenze,1,3,-4
buonisti,1,3,-4
clandestini,1,3,-4
precedenza,1,3,-4
sequestratori,1,3,-4
magie,1,3,-4
calcio/2,1,3,-4
assist,1,3,-4
frattempo,1,3,-4
rischioso,1,3,-4
furti,1,3,-4
leve,1,3,-4
tecnologici,1,3,-4
contromisura,1,3,-4
huawei,1,3,-4
display,1,3,-4
disagi,1,3,-4
recessione,1,3,-4
diffuso,1,3,-4
missionario,1,3,-4
rapito,1,3,-4
wet,1,3,-4
market,1,3,-4
coronababy,1,3,-4
nascite,1,3,-4
cucinotta,1,3,-4
salone,1,3,-4
rinascita,1,3,-4
piatto,1,3,-4
ricco,1,3,-4
ficco,1,3,-4
seriologico,1,3,-4
sessi,1,3,-4
alterni,1,3,-4
solisti,1,3,-4
partner,1,3,-4
tigre,1,3,-4
zoo,1,3,-4
tromba,1,3,-4
playback,1,3,-4
cu,1,3,-4
dettaglio,1,3,-4
ballano,1,3,-4
cortile,1,3,-4
prudenti,1,3,-4
banchi,1,3,-4
nodi,1,3,-4
ispettori,1,3,-4
pazienza,1,3,-4
palinsesti,1,3,-4
pianeta,1,3,-4
morta,1,3,-4
attivista,1,3,-4
complicazioni,1,3,-4
elettrico,1,3,-4
allenarsi,1,3,-4
aquilani,1,3,-4
inferno,1,3,-4
sciarpa,1,3,-4
ozonoterapia,1,3,-4
i,1,3,-4
foche,1,3,-4
shopping,1,3,-4
ordinaria,1,3,-4
tenore,1,3,-4
libico,1,3,-4
suppliche,1,3,-4
nulla,1,3,-4
pio,1,3,-4
messe,1,3,-4
nutrimento,1,3,-4
parroci,1,3,-4
tumori,1,3,-4
metropolitana,1,3,-4
camicie,1,3,-4
massacro,1,3,-4
pangolini,1,3,-4
bile,1,3,-4
illegale,1,3,-4
malattie,1,3,-4
infettive,1,3,-4
sudore,1,3,-4
coldiretti,1,3,-4
kit,1,3,-4
sopravvivenza,1,3,-4
rette,1,3,-4
caparra,1,3,-4
respiro,1,3,-4
rinviicronaca,1,3,-4
italica,1,3,-4
tosta,1,3,-4
livelli,1,3,-4
sostituto,1,3,-4
cintura,1,3,-4
karate,1,3,-4
poco,1,3,-4
credente,1,3,-4
precauzione,1,3,-4
debutto,1,3,-4
incompetenza,1,3,-4
balletto,1,3,-4
pila,1,3,-4
storici,1,3,-4
siate,1,3,-4
dorma,1,3,-4
prossimi,1,3,-4
hot,1,3,-4
2972,1,3,-4
ingoia,1,3,-4
orologio,1,3,-4
panetterie,1,3,-4
sforzo,1,3,-4
supermaket,1,3,-4
festività,1,3,-4
colossi,1,3,-4
autoisolamento,1,3,-4
perfetti,1,3,-4
conoscenza,1,3,-4
ingaggi,1,3,-4
umani,1,3,-4
surreale,1,3,-4
espiatorio,1,3,-4
stra,1,3,-4
orgogliosa,1,3,-4
intelligenti,1,3,-4
spiegate,1,3,-4
geometra,1,3,-4
compagnia,1,3,-4
riconducibile,1,3,-4
tensione,1,3,-4
depositi,1,3,-4
capitali,1,3,-4
paquetà,1,3,-4
pennarelli,1,3,-4
sigilli,1,3,-4
scaffali,1,3,-4
aiutarci,1,3,-4
perse,1,3,-4
spari,1,3,-4
bastonate,1,3,-4
fantasia,1,3,-4
costumista,1,3,-4
scenografo,1,3,-4
buono,1,3,-4
brutto,1,3,-4
cattivo,1,3,-4
aeroporti,1,3,-4
dikat,1,3,-4
artisti,1,3,-4
bolero,1,3,-4
esibizione,1,3,-4
anniversario,1,3,-4
bel,1,3,-4
casino,1,3,-4
molesta,1,3,-4
fiorello,1,3,-4
fedele,1,3,-4
altruiste,1,3,-4
spadafora,1,3,-4
tunisino,1,3,-4
fermi,1,3,-4
interventi,1,3,-4
epico,1,3,-4
riappacificazione,1,3,-4
opportunità,1,3,-4
chance,1,3,-4
brutta,1,3,-4
tentazione,1,3,-4
pericolosa,1,3,-4
maschio,1,3,-4
alfa,1,3,-4
baroni,1,3,-4
retrocessione,1,3,-4
fotografia,1,3,-4
spropositata,1,3,-4
cateno,1,3,-4
gilberto,1,3,-4
divorzio,1,3,-4
partite,1,3,-4
secche,1,3,-4
coscienze,1,3,-4
farmacia,1,3,-4
importanza,1,3,-4
dispute,1,3,-4
ingegnere,1,3,-4
iniziale,1,3,-4
tantum,1,3,-4
possibilità,1,3,-4
teologo,1,3,-4
sconosciuto,1,3,-4
sassate,1,3,-4
processione,1,3,-4
santa,1,3,-4
monsignor,1,3,-4
vantaggio,1,3,-4
sottomarino,1,3,-4
iii,1,3,-4
minorenni,1,3,-4
feretri,1,3,-4
esposti,1,3,-4
screenshot,1,3,-4
presidi,1,3,-4
danno,1,3,-4
alleanze,1,3,-4
restrittivi,1,3,-4
giuseppi,1,3,-4
cagnolina,1,3,-4
colombi,1,3,-4
inca'-opposizioni,1,3,-4
nemico,1,3,-4
ambra,1,3,-4
puliziepoi,1,3,-4
vietarci,1,3,-4
sirene,1,3,-4
ascensore,1,3,-4
backstage,1,3,-4
manette,1,3,-4
botta,1,3,-4
esplode,1,3,-4
solidali,1,3,-4
saluto,1,3,-4
bacio,1,3,-4
innocente,1,3,-4
fresca,1,3,-4
impianto,1,3,-4
operistico,1,3,-4
troppa,1,3,-4
fatevi,1,3,-4
riti,1,3,-4
revoche,1,3,-4
penali,1,3,-4
atlantia,1,3,-4
tassa,1,3,-4
naso,1,3,-4
diffondere,1,3,-4
pasquali,1,3,-4
panettieri,1,3,-4
acquistabili,1,3,-4
inafferrabile,1,3,-4
bancomat,1,3,-4
